inventory_id,product_id,warehouse_id,stock_on_hand,reserved_stock,available_stock,last_updated_at
INV-P0001-WH-MAD-01,P0001,WH-MAD-01,168,8,160,2025-03-24 00:49:21
INV-P0001-WH-BCN-01,P0001,WH-BCN-01,30,27,3,2026-03-10 12:19:42
INV-P0001-WH-VLC-01,P0001,WH-VLC-01,44,34,10,2026-03-22 18:47:21
INV-P0001-WH-SEV-01,P0001,WH-SEV-01,17,7,10,2025-01-22 05:53:34
INV-P0002-WH-MAD-01,P0002,WH-MAD-01,208,20,188,2025-02-27 15:07:19
INV-P0002-WH-BCN-01,P0002,WH-BCN-01,5,1,4,2025-12-19 03:31:44
INV-P0002-WH-VLC-01,P0002,WH-VLC-01,21,19,2,2025-01-14 16:52:10
INV-P0002-WH-SEV-01,P0002,WH-SEV-01,90,33,57,2025-03-10 00:01:00
INV-P0003-WH-MAD-01,P0003,WH-MAD-01,67,29,38,2026-03-23 12:52:51
INV-P0003-WH-BCN-01,P0003,WH-BCN-01,107,3,104,2025-09-16 12:19:45
INV-P0003-WH-VLC-01,P0003,WH-VLC-01,96,8,88,2025-07-08 21:42:13
INV-P0003-WH-SEV-01,P0003,WH-SEV-01,250,13,237,2025-01-28 08:16:37
INV-P0004-WH-MAD-01,P0004,WH-MAD-01,151,16,135,2025-12-23 06:47:35
INV-P0004-WH-BCN-01,P0004,WH-BCN-01,147,28,119,2025-11-10 18:39:24
INV-P0004-WH-VLC-01,P0004,WH-VLC-01,242,32,210,2026-02-14 01:48:02
INV-P0004-WH-SEV-01,P0004,WH-SEV-01,86,17,69,2025-06-03 09:14:29
INV-P0005-WH-MAD-01,P0005,WH-MAD-01,66,24,42,2025-08-01 16:16:03
INV-P0005-WH-BCN-01,P0005,WH-BCN-01,83,32,51,2025-05-01 20:22:09
INV-P0005-WH-VLC-01,P0005,WH-VLC-01,156,20,136,2025-07-20 22:22:25
INV-P0005-WH-SEV-01,P0005,WH-SEV-01,103,13,90,2026-01-06 09:06:44
INV-P0006-WH-MAD-01,P0006,WH-MAD-01,53,15,38,2025-06-20 13:51:58
INV-P0006-WH-BCN-01,P0006,WH-BCN-01,239,0,239,2025-02-02 11:51:30
INV-P0006-WH-VLC-01,P0006,WH-VLC-01,57,0,57,2025-07-31 14:12:09
INV-P0006-WH-SEV-01,P0006,WH-SEV-01,116,6,110,2025-10-24 01:02:40
INV-P0007-WH-MAD-01,P0007,WH-MAD-01,170,25,145,2025-04-28 17:36:00
INV-P0007-WH-BCN-01,P0007,WH-BCN-01,60,18,42,2025-05-18 03:59:12
INV-P0007-WH-VLC-01,P0007,WH-VLC-01,93,15,78,2025-02-06 06:52:13
INV-P0007-WH-SEV-01,P0007,WH-SEV-01,30,29,1,2025-04-08 16:02:01
INV-P0008-WH-MAD-01,P0008,WH-MAD-01,162,33,129,2025-03-11 06:01:46
INV-P0008-WH-BCN-01,P0008,WH-BCN-01,151,18,133,2025-01-10 06:41:08
INV-P0008-WH-VLC-01,P0008,WH-VLC-01,192,0,192,2025-03-26 08:39:18
INV-P0008-WH-SEV-01,P0008,WH-SEV-01,22,4,18,2025-09-25 03:48:17
INV-P0009-WH-MAD-01,P0009,WH-MAD-01,34,3,31,2026-01-15 02:53:01
INV-P0009-WH-BCN-01,P0009,WH-BCN-01,169,32,137,2025-03-21 07:28:06
INV-P0009-WH-VLC-01,P0009,WH-VLC-01,137,31,106,2025-08-15 20:11:46
INV-P0009-WH-SEV-01,P0009,WH-SEV-01,25,9,16,2025-10-28 03:22:30
INV-P0010-WH-MAD-01,P0010,WH-MAD-01,89,26,63,2025-11-21 08:42:39
INV-P0010-WH-BCN-01,P0010,WH-BCN-01,166,15,151,2025-12-16 23:29:14
INV-P0010-WH-VLC-01,P0010,WH-VLC-01,11,7,4,2025-01-29 21:49:29
INV-P0010-WH-SEV-01,P0010,WH-SEV-01,161,16,145,2025-07-03 01:46:17
INV-P0011-WH-MAD-01,P0011,WH-MAD-01,163,30,133,2025-06-01 13:35:43
INV-P0011-WH-BCN-01,P0011,WH-BCN-01,195,29,166,2025-10-13 08:25:25
INV-P0011-WH-VLC-01,P0011,WH-VLC-01,20,8,12,2025-07-03 07:29:42
INV-P0011-WH-SEV-01,P0011,WH-SEV-01,95,15,80,2025-09-07 11:02:16
INV-P0012-WH-MAD-01,P0012,WH-MAD-01,89,16,73,2025-11-29 10:46:34
INV-P0012-WH-BCN-01,P0012,WH-BCN-01,189,10,179,2025-04-08 21:12:18
INV-P0012-WH-VLC-01,P0012,WH-VLC-01,39,34,5,2025-08-22 10:09:56
INV-P0012-WH-SEV-01,P0012,WH-SEV-01,117,25,92,2025-10-28 14:19:19
INV-P0013-WH-MAD-01,P0013,WH-MAD-01,9,0,9,2026-01-14 05:34:54
INV-P0013-WH-BCN-01,P0013,WH-BCN-01,78,36,42,2025-01-02 03:06:26
INV-P0013-WH-VLC-01,P0013,WH-VLC-01,147,5,142,2025-04-30 17:15:21
INV-P0013-WH-SEV-01,P0013,WH-SEV-01,97,6,91,2025-06-25 21:04:59
INV-P0014-WH-MAD-01,P0014,WH-MAD-01,95,35,60,2025-03-18 05:44:01
INV-P0014-WH-BCN-01,P0014,WH-BCN-01,94,6,88,2025-08-20 02:30:56
INV-P0014-WH-VLC-01,P0014,WH-VLC-01,24,17,7,2025-10-16 00:52:00
INV-P0014-WH-SEV-01,P0014,WH-SEV-01,159,19,140,2025-02-14 01:17:45
INV-P0015-WH-MAD-01,P0015,WH-MAD-01,14,4,10,2026-01-31 19:27:32
INV-P0015-WH-BCN-01,P0015,WH-BCN-01,154,25,129,2025-09-18 07:43:44
INV-P0015-WH-VLC-01,P0015,WH-VLC-01,111,0,111,2026-03-05 19:28:13
INV-P0015-WH-SEV-01,P0015,WH-SEV-01,64,24,40,2026-03-14 10:26:35
INV-P0016-WH-MAD-01,P0016,WH-MAD-01,94,17,77,2025-07-31 08:58:09
INV-P0016-WH-BCN-01,P0016,WH-BCN-01,152,20,132,2025-10-21 11:20:16
INV-P0016-WH-VLC-01,P0016,WH-VLC-01,190,36,154,2025-12-29 14:10:07
INV-P0016-WH-SEV-01,P0016,WH-SEV-01,245,29,216,2025-10-08 01:16:11
INV-P0017-WH-MAD-01,P0017,WH-MAD-01,94,27,67,2025-02-21 15:35:34
INV-P0017-WH-BCN-01,P0017,WH-BCN-01,41,15,26,2025-08-15 14:15:14
INV-P0017-WH-VLC-01,P0017,WH-VLC-01,4,0,4,2025-03-05 14:45:21
INV-P0017-WH-SEV-01,P0017,WH-SEV-01,193,20,173,2025-04-14 16:41:17
INV-P0018-WH-MAD-01,P0018,WH-MAD-01,45,39,6,2025-01-21 10:12:20
INV-P0018-WH-BCN-01,P0018,WH-BCN-01,225,18,207,2025-01-20 16:39:36
INV-P0018-WH-VLC-01,P0018,WH-VLC-01,161,5,156,2025-10-05 12:49:52
INV-P0018-WH-SEV-01,P0018,WH-SEV-01,6,3,3,2025-12-01 08:13:26
INV-P0019-WH-MAD-01,P0019,WH-MAD-01,42,37,5,2025-07-29 23:03:44
INV-P0019-WH-BCN-01,P0019,WH-BCN-01,43,1,42,2025-03-18 07:22:49
INV-P0019-WH-VLC-01,P0019,WH-VLC-01,37,6,31,2025-12-23 12:37:05
INV-P0019-WH-SEV-01,P0019,WH-SEV-01,34,11,23,2025-02-02 17:18:38
INV-P0020-WH-MAD-01,P0020,WH-MAD-01,151,19,132,2025-06-22 19:12:11
INV-P0020-WH-BCN-01,P0020,WH-BCN-01,65,11,54,2025-05-26 13:56:30
INV-P0020-WH-VLC-01,P0020,WH-VLC-01,6,4,2,2025-04-17 17:52:38
INV-P0020-WH-SEV-01,P0020,WH-SEV-01,76,5,71,2026-03-02 07:05:25
INV-P0021-WH-MAD-01,P0021,WH-MAD-01,167,23,144,2025-12-26 19:06:41
INV-P0021-WH-BCN-01,P0021,WH-BCN-01,116,32,84,2026-01-04 15:49:20
INV-P0021-WH-VLC-01,P0021,WH-VLC-01,54,18,36,2025-03-27 17:42:36
INV-P0021-WH-SEV-01,P0021,WH-SEV-01,171,15,156,2025-12-13 08:16:39
INV-P0022-WH-MAD-01,P0022,WH-MAD-01,38,13,25,2025-01-31 15:52:54
INV-P0022-WH-BCN-01,P0022,WH-BCN-01,183,29,154,2025-06-25 10:59:44
INV-P0022-WH-VLC-01,P0022,WH-VLC-01,80,31,49,2025-03-19 07:52:45
INV-P0022-WH-SEV-01,P0022,WH-SEV-01,163,13,150,2025-10-31 01:45:13
INV-P0023-WH-MAD-01,P0023,WH-MAD-01,188,4,184,2026-01-25 05:52:38
INV-P0023-WH-BCN-01,P0023,WH-BCN-01,113,29,84,2025-07-17 07:58:47
INV-P0023-WH-VLC-01,P0023,WH-VLC-01,147,31,116,2026-02-04 05:48:35
INV-P0023-WH-SEV-01,P0023,WH-SEV-01,232,37,195,2025-10-07 11:39:48
INV-P0024-WH-MAD-01,P0024,WH-MAD-01,53,23,30,2025-05-07 15:37:21
INV-P0024-WH-BCN-01,P0024,WH-BCN-01,82,34,48,2025-09-05 14:35:41
INV-P0024-WH-VLC-01,P0024,WH-VLC-01,222,15,207,2025-09-05 07:03:47
INV-P0024-WH-SEV-01,P0024,WH-SEV-01,82,40,42,2026-03-20 03:39:42
INV-P0025-WH-MAD-01,P0025,WH-MAD-01,87,7,80,2025-09-02 14:35:59
INV-P0025-WH-BCN-01,P0025,WH-BCN-01,69,6,63,2025-08-15 10:11:32
INV-P0025-WH-VLC-01,P0025,WH-VLC-01,63,26,37,2025-02-11 23:20:43
INV-P0025-WH-SEV-01,P0025,WH-SEV-01,73,15,58,2026-03-02 08:04:08
INV-P0026-WH-MAD-01,P0026,WH-MAD-01,126,8,118,2025-08-11 20:24:13
INV-P0026-WH-BCN-01,P0026,WH-BCN-01,60,0,60,2026-02-24 20:56:02
INV-P0026-WH-VLC-01,P0026,WH-VLC-01,131,18,113,2026-03-10 17:20:21
INV-P0026-WH-SEV-01,P0026,WH-SEV-01,193,25,168,2025-01-26 07:19:12
INV-P0027-WH-MAD-01,P0027,WH-MAD-01,109,16,93,2025-04-03 07:16:02
INV-P0027-WH-BCN-01,P0027,WH-BCN-01,237,19,218,2025-08-22 05:07:52
INV-P0027-WH-VLC-01,P0027,WH-VLC-01,188,9,179,2025-10-09 18:54:20
INV-P0027-WH-SEV-01,P0027,WH-SEV-01,191,3,188,2026-03-18 00:08:17
INV-P0028-WH-MAD-01,P0028,WH-MAD-01,221,24,197,2026-03-26 17:11:23
INV-P0028-WH-BCN-01,P0028,WH-BCN-01,49,15,34,2026-01-21 22:36:22
INV-P0028-WH-VLC-01,P0028,WH-VLC-01,84,31,53,2026-03-22 19:38:54
INV-P0028-WH-SEV-01,P0028,WH-SEV-01,174,3,171,2025-03-20 09:09:03
INV-P0029-WH-MAD-01,P0029,WH-MAD-01,83,22,61,2025-01-13 23:52:25
INV-P0029-WH-BCN-01,P0029,WH-BCN-01,135,34,101,2025-01-01 18:37:37
INV-P0029-WH-VLC-01,P0029,WH-VLC-01,222,27,195,2025-06-06 23:01:31
INV-P0029-WH-SEV-01,P0029,WH-SEV-01,146,21,125,2026-02-09 08:21:04
INV-P0030-WH-MAD-01,P0030,WH-MAD-01,73,21,52,2025-07-30 22:03:38
INV-P0030-WH-BCN-01,P0030,WH-BCN-01,88,0,88,2025-09-07 00:49:56
INV-P0030-WH-VLC-01,P0030,WH-VLC-01,229,11,218,2025-10-30 02:55:25
INV-P0030-WH-SEV-01,P0030,WH-SEV-01,88,15,73,2026-01-10 21:07:34
INV-P0031-WH-MAD-01,P0031,WH-MAD-01,11,4,7,2026-01-04 06:05:25
INV-P0031-WH-BCN-01,P0031,WH-BCN-01,105,32,73,2025-02-17 19:07:31
INV-P0031-WH-VLC-01,P0031,WH-VLC-01,155,35,120,2025-10-03 00:52:48
INV-P0031-WH-SEV-01,P0031,WH-SEV-01,242,25,217,2026-03-02 22:32:26
INV-P0032-WH-MAD-01,P0032,WH-MAD-01,60,20,40,2025-02-12 02:26:50
INV-P0032-WH-BCN-01,P0032,WH-BCN-01,90,6,84,2026-02-13 10:28:52
INV-P0032-WH-VLC-01,P0032,WH-VLC-01,60,17,43,2025-08-28 05:03:25
INV-P0032-WH-SEV-01,P0032,WH-SEV-01,7,2,5,2025-12-22 13:41:16
INV-P0033-WH-MAD-01,P0033,WH-MAD-01,92,23,69,2025-07-23 09:03:00
INV-P0033-WH-BCN-01,P0033,WH-BCN-01,162,31,131,2025-02-11 01:54:04
INV-P0033-WH-VLC-01,P0033,WH-VLC-01,31,17,14,2025-05-18 19:09:53
INV-P0033-WH-SEV-01,P0033,WH-SEV-01,226,37,189,2025-09-21 17:53:26
INV-P0034-WH-MAD-01,P0034,WH-MAD-01,5,1,4,2025-06-06 06:55:00
INV-P0034-WH-BCN-01,P0034,WH-BCN-01,109,36,73,2025-07-10 00:22:06
INV-P0034-WH-VLC-01,P0034,WH-VLC-01,97,34,63,2025-06-24 16:48:04
INV-P0034-WH-SEV-01,P0034,WH-SEV-01,76,2,74,2025-05-01 01:50:40
INV-P0035-WH-MAD-01,P0035,WH-MAD-01,224,6,218,2025-04-06 17:02:27
INV-P0035-WH-BCN-01,P0035,WH-BCN-01,7,4,3,2025-09-26 14:40:35
INV-P0035-WH-VLC-01,P0035,WH-VLC-01,76,36,40,2026-02-08 13:09:38
INV-P0035-WH-SEV-01,P0035,WH-SEV-01,10,10,0,2025-08-12 11:22:46
INV-P0036-WH-MAD-01,P0036,WH-MAD-01,99,1,98,2025-11-03 12:13:40
INV-P0036-WH-BCN-01,P0036,WH-BCN-01,92,12,80,2025-08-26 23:12:04
INV-P0036-WH-VLC-01,P0036,WH-VLC-01,162,37,125,2025-06-15 09:47:57
INV-P0036-WH-SEV-01,P0036,WH-SEV-01,5,4,1,2025-11-25 13:01:27
INV-P0037-WH-MAD-01,P0037,WH-MAD-01,105,27,78,2025-06-03 06:48:37
INV-P0037-WH-BCN-01,P0037,WH-BCN-01,79,38,41,2025-04-07 12:50:33
INV-P0037-WH-VLC-01,P0037,WH-VLC-01,106,24,82,2025-02-11 20:05:18
INV-P0037-WH-SEV-01,P0037,WH-SEV-01,95,20,75,2026-01-18 21:43:44
INV-P0038-WH-MAD-01,P0038,WH-MAD-01,115,12,103,2026-03-23 14:37:00
INV-P0038-WH-BCN-01,P0038,WH-BCN-01,10,4,6,2025-10-06 16:20:20
INV-P0038-WH-VLC-01,P0038,WH-VLC-01,86,40,46,2025-08-18 17:38:13
INV-P0038-WH-SEV-01,P0038,WH-SEV-01,49,26,23,2025-05-25 14:28:26
INV-P0039-WH-MAD-01,P0039,WH-MAD-01,206,14,192,2025-05-30 20:44:19
INV-P0039-WH-BCN-01,P0039,WH-BCN-01,20,19,1,2025-06-14 08:44:17
INV-P0039-WH-VLC-01,P0039,WH-VLC-01,18,4,14,2025-02-27 19:05:12
INV-P0039-WH-SEV-01,P0039,WH-SEV-01,183,2,181,2026-03-08 07:48:34
INV-P0040-WH-MAD-01,P0040,WH-MAD-01,31,7,24,2025-02-01 14:33:27
INV-P0040-WH-BCN-01,P0040,WH-BCN-01,55,34,21,2026-01-15 21:24:36
INV-P0040-WH-VLC-01,P0040,WH-VLC-01,120,12,108,2026-03-02 17:48:15
INV-P0040-WH-SEV-01,P0040,WH-SEV-01,6,0,6,2025-12-13 12:39:07
INV-P0041-WH-MAD-01,P0041,WH-MAD-01,189,31,158,2026-03-11 05:04:21
INV-P0041-WH-BCN-01,P0041,WH-BCN-01,153,33,120,2025-03-15 01:29:26
INV-P0041-WH-VLC-01,P0041,WH-VLC-01,219,36,183,2025-11-09 23:27:31
INV-P0041-WH-SEV-01,P0041,WH-SEV-01,141,28,113,2025-01-09 10:24:59
INV-P0042-WH-MAD-01,P0042,WH-MAD-01,177,26,151,2025-10-27 11:29:31
INV-P0042-WH-BCN-01,P0042,WH-BCN-01,241,27,214,2026-01-31 14:46:23
INV-P0042-WH-VLC-01,P0042,WH-VLC-01,169,32,137,2025-08-20 17:39:11
INV-P0042-WH-SEV-01,P0042,WH-SEV-01,238,12,226,2025-06-02 10:14:25
INV-P0043-WH-MAD-01,P0043,WH-MAD-01,240,5,235,2025-12-03 17:48:07
INV-P0043-WH-BCN-01,P0043,WH-BCN-01,82,2,80,2026-02-26 16:54:41
INV-P0043-WH-VLC-01,P0043,WH-VLC-01,54,14,40,2026-02-18 12:57:24
INV-P0043-WH-SEV-01,P0043,WH-SEV-01,16,5,11,2026-01-16 21:20:57
INV-P0044-WH-MAD-01,P0044,WH-MAD-01,35,18,17,2025-02-04 15:12:37
INV-P0044-WH-BCN-01,P0044,WH-BCN-01,27,27,0,2025-07-29 06:46:23
INV-P0044-WH-VLC-01,P0044,WH-VLC-01,13,5,8,2025-08-25 19:27:26
INV-P0044-WH-SEV-01,P0044,WH-SEV-01,51,38,13,2025-06-28 19:25:40
INV-P0045-WH-MAD-01,P0045,WH-MAD-01,71,24,47,2026-02-06 07:18:19
INV-P0045-WH-BCN-01,P0045,WH-BCN-01,153,33,120,2025-07-25 23:43:57
INV-P0045-WH-VLC-01,P0045,WH-VLC-01,122,15,107,2026-02-05 05:01:34
INV-P0045-WH-SEV-01,P0045,WH-SEV-01,224,18,206,2025-07-12 17:38:12
INV-P0046-WH-MAD-01,P0046,WH-MAD-01,151,20,131,2025-06-16 17:47:40
INV-P0046-WH-BCN-01,P0046,WH-BCN-01,219,31,188,2025-05-19 04:58:09
INV-P0046-WH-VLC-01,P0046,WH-VLC-01,250,23,227,2026-02-06 18:06:37
INV-P0046-WH-SEV-01,P0046,WH-SEV-01,3,0,3,2025-09-19 04:12:01
INV-P0047-WH-MAD-01,P0047,WH-MAD-01,197,14,183,2025-10-14 09:24:33
INV-P0047-WH-BCN-01,P0047,WH-BCN-01,133,18,115,2026-03-20 13:17:06
INV-P0047-WH-VLC-01,P0047,WH-VLC-01,105,9,96,2025-01-14 18:11:39
INV-P0047-WH-SEV-01,P0047,WH-SEV-01,9,3,6,2025-05-22 17:52:39
INV-P0048-WH-MAD-01,P0048,WH-MAD-01,215,14,201,2025-01-28 09:55:38
INV-P0048-WH-BCN-01,P0048,WH-BCN-01,41,0,41,2025-03-28 17:20:06
INV-P0048-WH-VLC-01,P0048,WH-VLC-01,233,38,195,2025-04-16 09:32:27
INV-P0048-WH-SEV-01,P0048,WH-SEV-01,97,34,63,2025-11-06 15:16:00
INV-P0049-WH-MAD-01,P0049,WH-MAD-01,15,3,12,2026-01-17 12:39:05
INV-P0049-WH-BCN-01,P0049,WH-BCN-01,58,32,26,2025-10-03 14:51:33
INV-P0049-WH-VLC-01,P0049,WH-VLC-01,82,23,59,2025-10-10 07:34:11
INV-P0049-WH-SEV-01,P0049,WH-SEV-01,90,3,87,2025-09-26 10:41:10
INV-P0050-WH-MAD-01,P0050,WH-MAD-01,24,20,4,2026-02-27 10:47:42
INV-P0050-WH-BCN-01,P0050,WH-BCN-01,23,22,1,2025-12-29 07:42:27
INV-P0050-WH-VLC-01,P0050,WH-VLC-01,217,24,193,2025-03-13 05:08:16
INV-P0050-WH-SEV-01,P0050,WH-SEV-01,77,10,67,2025-10-27 23:10:31
INV-P0051-WH-MAD-01,P0051,WH-MAD-01,202,26,176,2025-04-18 14:45:48
INV-P0051-WH-BCN-01,P0051,WH-BCN-01,75,19,56,2025-06-26 00:17:04
INV-P0051-WH-VLC-01,P0051,WH-VLC-01,105,31,74,2026-01-06 20:48:15
INV-P0051-WH-SEV-01,P0051,WH-SEV-01,195,0,195,2025-07-19 18:14:39
INV-P0052-WH-MAD-01,P0052,WH-MAD-01,161,5,156,2025-03-09 10:28:47
INV-P0052-WH-BCN-01,P0052,WH-BCN-01,4,4,0,2025-02-01 06:40:57
INV-P0052-WH-VLC-01,P0052,WH-VLC-01,13,10,3,2025-05-19 18:45:39
INV-P0052-WH-SEV-01,P0052,WH-SEV-01,164,25,139,2025-08-03 00:19:12
INV-P0053-WH-MAD-01,P0053,WH-MAD-01,158,6,152,2025-06-07 14:16:39
INV-P0053-WH-BCN-01,P0053,WH-BCN-01,237,20,217,2026-01-06 03:48:58
INV-P0053-WH-VLC-01,P0053,WH-VLC-01,66,33,33,2025-10-06 22:32:09
INV-P0053-WH-SEV-01,P0053,WH-SEV-01,241,25,216,2025-07-26 12:58:00
INV-P0054-WH-MAD-01,P0054,WH-MAD-01,35,23,12,2025-04-27 13:45:40
INV-P0054-WH-BCN-01,P0054,WH-BCN-01,125,21,104,2025-06-16 20:06:15
INV-P0054-WH-VLC-01,P0054,WH-VLC-01,23,14,9,2026-01-15 07:13:22
INV-P0054-WH-SEV-01,P0054,WH-SEV-01,193,37,156,2025-02-24 12:13:04
INV-P0055-WH-MAD-01,P0055,WH-MAD-01,1,1,0,2025-06-29 08:12:07
INV-P0055-WH-BCN-01,P0055,WH-BCN-01,113,11,102,2025-10-06 03:52:36
INV-P0055-WH-VLC-01,P0055,WH-VLC-01,104,22,82,2025-10-26 23:05:24
INV-P0055-WH-SEV-01,P0055,WH-SEV-01,57,13,44,2026-01-21 18:23:38
INV-P0056-WH-MAD-01,P0056,WH-MAD-01,50,16,34,2025-05-29 17:39:41
INV-P0056-WH-BCN-01,P0056,WH-BCN-01,217,19,198,2026-03-01 14:47:09
INV-P0056-WH-VLC-01,P0056,WH-VLC-01,141,38,103,2025-02-27 14:53:44
INV-P0056-WH-SEV-01,P0056,WH-SEV-01,158,3,155,2025-01-20 14:07:50
INV-P0057-WH-MAD-01,P0057,WH-MAD-01,194,1,193,2025-01-20 00:32:18
INV-P0057-WH-BCN-01,P0057,WH-BCN-01,43,16,27,2025-05-18 10:56:16
INV-P0057-WH-VLC-01,P0057,WH-VLC-01,5,0,5,2025-04-13 22:49:48
INV-P0057-WH-SEV-01,P0057,WH-SEV-01,115,29,86,2025-10-19 15:50:21
INV-P0058-WH-MAD-01,P0058,WH-MAD-01,202,1,201,2025-10-30 05:40:04
INV-P0058-WH-BCN-01,P0058,WH-BCN-01,246,25,221,2025-04-14 04:30:29
INV-P0058-WH-VLC-01,P0058,WH-VLC-01,95,37,58,2025-10-15 17:45:00
INV-P0058-WH-SEV-01,P0058,WH-SEV-01,249,30,219,2026-02-27 13:38:09
INV-P0059-WH-MAD-01,P0059,WH-MAD-01,120,18,102,2025-08-20 17:16:14
INV-P0059-WH-BCN-01,P0059,WH-BCN-01,28,3,25,2025-04-11 10:54:21
INV-P0059-WH-VLC-01,P0059,WH-VLC-01,187,32,155,2025-08-30 06:46:15
INV-P0059-WH-SEV-01,P0059,WH-SEV-01,128,18,110,2025-05-16 15:40:48
INV-P0060-WH-MAD-01,P0060,WH-MAD-01,23,15,8,2025-05-17 05:58:37
INV-P0060-WH-BCN-01,P0060,WH-BCN-01,202,31,171,2025-07-16 21:36:34
INV-P0060-WH-VLC-01,P0060,WH-VLC-01,196,40,156,2025-04-26 09:19:13
INV-P0060-WH-SEV-01,P0060,WH-SEV-01,19,19,0,2025-07-19 00:02:54
INV-P0061-WH-MAD-01,P0061,WH-MAD-01,14,10,4,2025-08-12 02:34:09
INV-P0061-WH-BCN-01,P0061,WH-BCN-01,220,30,190,2026-03-09 15:41:56
INV-P0061-WH-VLC-01,P0061,WH-VLC-01,185,36,149,2025-03-08 23:44:54
INV-P0061-WH-SEV-01,P0061,WH-SEV-01,51,27,24,2026-01-08 17:36:26
INV-P0062-WH-MAD-01,P0062,WH-MAD-01,28,13,15,2025-02-24 10:38:39
INV-P0062-WH-BCN-01,P0062,WH-BCN-01,161,26,135,2026-02-12 17:51:46
INV-P0062-WH-VLC-01,P0062,WH-VLC-01,249,18,231,2026-01-27 06:03:50
INV-P0062-WH-SEV-01,P0062,WH-SEV-01,160,36,124,2025-02-28 12:33:50
INV-P0063-WH-MAD-01,P0063,WH-MAD-01,162,9,153,2025-10-26 03:11:04
INV-P0063-WH-BCN-01,P0063,WH-BCN-01,223,15,208,2026-02-17 12:36:01
INV-P0063-WH-VLC-01,P0063,WH-VLC-01,176,8,168,2025-12-17 15:05:55
INV-P0063-WH-SEV-01,P0063,WH-SEV-01,225,38,187,2025-08-28 15:36:39
INV-P0064-WH-MAD-01,P0064,WH-MAD-01,22,9,13,2025-09-30 03:58:58
INV-P0064-WH-BCN-01,P0064,WH-BCN-01,165,22,143,2025-01-03 11:25:30
INV-P0064-WH-VLC-01,P0064,WH-VLC-01,151,29,122,2025-07-05 19:57:41
INV-P0064-WH-SEV-01,P0064,WH-SEV-01,223,13,210,2025-06-02 00:16:39
INV-P0065-WH-MAD-01,P0065,WH-MAD-01,228,2,226,2026-02-09 23:13:37
INV-P0065-WH-BCN-01,P0065,WH-BCN-01,122,2,120,2025-06-22 06:31:36
INV-P0065-WH-VLC-01,P0065,WH-VLC-01,218,32,186,2025-05-06 10:51:20
INV-P0065-WH-SEV-01,P0065,WH-SEV-01,180,17,163,2025-05-12 23:51:26
INV-P0066-WH-MAD-01,P0066,WH-MAD-01,233,37,196,2026-03-01 13:59:15
INV-P0066-WH-BCN-01,P0066,WH-BCN-01,92,9,83,2026-01-21 10:08:50
INV-P0066-WH-VLC-01,P0066,WH-VLC-01,15,9,6,2025-12-13 06:20:24
INV-P0066-WH-SEV-01,P0066,WH-SEV-01,160,14,146,2025-08-04 16:32:56
INV-P0067-WH-MAD-01,P0067,WH-MAD-01,78,19,59,2025-10-30 19:52:48
INV-P0067-WH-BCN-01,P0067,WH-BCN-01,225,13,212,2025-08-17 18:45:25
INV-P0067-WH-VLC-01,P0067,WH-VLC-01,98,16,82,2026-01-09 13:38:06
INV-P0067-WH-SEV-01,P0067,WH-SEV-01,65,36,29,2025-12-03 17:37:00
INV-P0068-WH-MAD-01,P0068,WH-MAD-01,217,21,196,2026-03-17 21:54:01
INV-P0068-WH-BCN-01,P0068,WH-BCN-01,31,15,16,2025-03-18 13:57:59
INV-P0068-WH-VLC-01,P0068,WH-VLC-01,21,0,21,2025-02-24 15:12:29
INV-P0068-WH-SEV-01,P0068,WH-SEV-01,242,23,219,2025-04-09 17:29:02
INV-P0069-WH-MAD-01,P0069,WH-MAD-01,214,10,204,2025-02-27 11:48:28
INV-P0069-WH-BCN-01,P0069,WH-BCN-01,250,40,210,2026-02-17 13:09:17
INV-P0069-WH-VLC-01,P0069,WH-VLC-01,23,11,12,2025-10-04 01:09:49
INV-P0069-WH-SEV-01,P0069,WH-SEV-01,240,34,206,2026-02-18 15:19:14
INV-P0070-WH-MAD-01,P0070,WH-MAD-01,18,5,13,2025-06-01 18:40:53
INV-P0070-WH-BCN-01,P0070,WH-BCN-01,108,35,73,2026-02-14 03:53:32
INV-P0070-WH-VLC-01,P0070,WH-VLC-01,105,24,81,2025-01-26 16:53:33
INV-P0070-WH-SEV-01,P0070,WH-SEV-01,130,35,95,2025-05-15 10:15:14
INV-P0071-WH-MAD-01,P0071,WH-MAD-01,59,9,50,2025-07-04 05:10:16
INV-P0071-WH-BCN-01,P0071,WH-BCN-01,240,23,217,2025-03-20 13:01:21
INV-P0071-WH-VLC-01,P0071,WH-VLC-01,18,7,11,2025-09-13 06:59:55
INV-P0071-WH-SEV-01,P0071,WH-SEV-01,181,10,171,2025-05-15 02:33:11
INV-P0072-WH-MAD-01,P0072,WH-MAD-01,82,16,66,2026-03-23 21:47:24
INV-P0072-WH-BCN-01,P0072,WH-BCN-01,174,18,156,2025-10-08 20:39:22
INV-P0072-WH-VLC-01,P0072,WH-VLC-01,115,1,114,2025-06-12 08:39:49
INV-P0072-WH-SEV-01,P0072,WH-SEV-01,20,15,5,2025-11-09 08:13:05
INV-P0073-WH-MAD-01,P0073,WH-MAD-01,139,6,133,2025-02-13 10:29:34
INV-P0073-WH-BCN-01,P0073,WH-BCN-01,209,5,204,2025-06-16 16:17:53
INV-P0073-WH-VLC-01,P0073,WH-VLC-01,212,10,202,2025-08-05 01:58:12
INV-P0073-WH-SEV-01,P0073,WH-SEV-01,120,3,117,2026-01-09 12:45:15
INV-P0074-WH-MAD-01,P0074,WH-MAD-01,48,3,45,2026-02-01 23:55:43
INV-P0074-WH-BCN-01,P0074,WH-BCN-01,25,9,16,2025-03-03 03:48:31
INV-P0074-WH-VLC-01,P0074,WH-VLC-01,71,11,60,2025-06-23 01:57:37
INV-P0074-WH-SEV-01,P0074,WH-SEV-01,112,22,90,2025-12-07 09:13:22
INV-P0075-WH-MAD-01,P0075,WH-MAD-01,243,17,226,2025-09-24 16:04:20
INV-P0075-WH-BCN-01,P0075,WH-BCN-01,174,17,157,2025-10-18 13:42:46
INV-P0075-WH-VLC-01,P0075,WH-VLC-01,221,7,214,2025-12-09 23:51:49
INV-P0075-WH-SEV-01,P0075,WH-SEV-01,194,14,180,2025-05-31 12:21:53
INV-P0076-WH-MAD-01,P0076,WH-MAD-01,1,0,1,2025-11-12 17:15:35
INV-P0076-WH-BCN-01,P0076,WH-BCN-01,86,16,70,2026-01-30 09:34:40
INV-P0076-WH-VLC-01,P0076,WH-VLC-01,116,25,91,2025-10-14 12:14:00
INV-P0076-WH-SEV-01,P0076,WH-SEV-01,114,33,81,2025-03-12 04:35:33
INV-P0077-WH-MAD-01,P0077,WH-MAD-01,245,23,222,2026-03-14 15:08:26
INV-P0077-WH-BCN-01,P0077,WH-BCN-01,18,13,5,2025-10-31 16:34:53
INV-P0077-WH-VLC-01,P0077,WH-VLC-01,238,22,216,2025-09-18 19:04:20
INV-P0077-WH-SEV-01,P0077,WH-SEV-01,162,5,157,2025-12-07 15:10:56
INV-P0078-WH-MAD-01,P0078,WH-MAD-01,37,35,2,2025-10-28 12:10:03
INV-P0078-WH-BCN-01,P0078,WH-BCN-01,64,9,55,2025-03-01 10:48:49
INV-P0078-WH-VLC-01,P0078,WH-VLC-01,196,13,183,2025-12-04 05:33:38
INV-P0078-WH-SEV-01,P0078,WH-SEV-01,13,1,12,2026-01-08 23:00:31
INV-P0079-WH-MAD-01,P0079,WH-MAD-01,222,5,217,2025-08-25 03:08:29
INV-P0079-WH-BCN-01,P0079,WH-BCN-01,240,30,210,2025-05-05 09:16:55
INV-P0079-WH-VLC-01,P0079,WH-VLC-01,225,11,214,2025-04-08 11:43:55
INV-P0079-WH-SEV-01,P0079,WH-SEV-01,155,18,137,2025-09-14 19:30:46
INV-P0080-WH-MAD-01,P0080,WH-MAD-01,51,6,45,2026-03-15 06:06:40
INV-P0080-WH-BCN-01,P0080,WH-BCN-01,103,20,83,2025-03-05 04:19:36
INV-P0080-WH-VLC-01,P0080,WH-VLC-01,98,18,80,2025-08-14 17:04:43
INV-P0080-WH-SEV-01,P0080,WH-SEV-01,224,6,218,2026-03-02 01:14:15
INV-P0081-WH-MAD-01,P0081,WH-MAD-01,169,0,169,2025-09-16 23:04:53
INV-P0081-WH-BCN-01,P0081,WH-BCN-01,68,0,68,2025-01-22 16:05:02
INV-P0081-WH-VLC-01,P0081,WH-VLC-01,132,20,112,2025-06-24 13:28:40
INV-P0081-WH-SEV-01,P0081,WH-SEV-01,132,0,132,2025-08-01 05:00:30
INV-P0082-WH-MAD-01,P0082,WH-MAD-01,196,10,186,2025-01-15 18:20:29
INV-P0082-WH-BCN-01,P0082,WH-BCN-01,199,29,170,2025-11-06 00:56:28
INV-P0082-WH-VLC-01,P0082,WH-VLC-01,177,6,171,2025-01-29 23:15:07
INV-P0082-WH-SEV-01,P0082,WH-SEV-01,220,40,180,2025-12-26 15:44:33
INV-P0083-WH-MAD-01,P0083,WH-MAD-01,151,34,117,2025-11-27 20:21:58
INV-P0083-WH-BCN-01,P0083,WH-BCN-01,84,36,48,2025-03-03 22:48:58
INV-P0083-WH-VLC-01,P0083,WH-VLC-01,57,6,51,2025-03-23 18:54:46
INV-P0083-WH-SEV-01,P0083,WH-SEV-01,142,31,111,2025-01-18 02:47:54
INV-P0084-WH-MAD-01,P0084,WH-MAD-01,249,33,216,2025-12-23 17:16:51
INV-P0084-WH-BCN-01,P0084,WH-BCN-01,132,4,128,2025-09-17 00:46:01
INV-P0084-WH-VLC-01,P0084,WH-VLC-01,114,16,98,2025-04-04 12:11:18
INV-P0084-WH-SEV-01,P0084,WH-SEV-01,108,31,77,2025-02-22 07:19:12
INV-P0085-WH-MAD-01,P0085,WH-MAD-01,108,20,88,2025-12-03 18:23:07
INV-P0085-WH-BCN-01,P0085,WH-BCN-01,120,3,117,2026-03-23 20:11:42
INV-P0085-WH-VLC-01,P0085,WH-VLC-01,134,27,107,2025-12-01 07:27:57
INV-P0085-WH-SEV-01,P0085,WH-SEV-01,126,34,92,2026-02-20 12:24:55
INV-P0086-WH-MAD-01,P0086,WH-MAD-01,84,7,77,2025-11-27 11:09:19
INV-P0086-WH-BCN-01,P0086,WH-BCN-01,140,11,129,2025-01-18 22:59:40
INV-P0086-WH-VLC-01,P0086,WH-VLC-01,51,35,16,2025-10-13 13:54:01
INV-P0086-WH-SEV-01,P0086,WH-SEV-01,37,33,4,2025-10-12 05:02:09
INV-P0087-WH-MAD-01,P0087,WH-MAD-01,119,39,80,2025-08-21 04:08:17
INV-P0087-WH-BCN-01,P0087,WH-BCN-01,206,3,203,2025-02-21 06:05:47
INV-P0087-WH-VLC-01,P0087,WH-VLC-01,222,21,201,2025-08-13 01:05:50
INV-P0087-WH-SEV-01,P0087,WH-SEV-01,238,5,233,2025-10-13 14:25:52
INV-P0088-WH-MAD-01,P0088,WH-MAD-01,240,1,239,2025-11-06 21:15:36
INV-P0088-WH-BCN-01,P0088,WH-BCN-01,131,37,94,2026-03-10 01:39:53
INV-P0088-WH-VLC-01,P0088,WH-VLC-01,87,5,82,2025-03-24 02:07:38
INV-P0088-WH-SEV-01,P0088,WH-SEV-01,139,35,104,2025-03-12 18:48:59
INV-P0089-WH-MAD-01,P0089,WH-MAD-01,20,12,8,2026-01-16 17:30:02
INV-P0089-WH-BCN-01,P0089,WH-BCN-01,216,34,182,2026-01-16 12:54:28
INV-P0089-WH-VLC-01,P0089,WH-VLC-01,51,17,34,2026-02-02 03:45:14
INV-P0089-WH-SEV-01,P0089,WH-SEV-01,14,8,6,2025-09-06 20:21:43
INV-P0090-WH-MAD-01,P0090,WH-MAD-01,29,22,7,2025-07-16 00:46:56
INV-P0090-WH-BCN-01,P0090,WH-BCN-01,157,25,132,2025-11-16 11:37:10
INV-P0090-WH-VLC-01,P0090,WH-VLC-01,115,23,92,2025-12-22 18:11:32
INV-P0090-WH-SEV-01,P0090,WH-SEV-01,168,6,162,2025-10-23 15:42:40
INV-P0091-WH-MAD-01,P0091,WH-MAD-01,146,20,126,2025-08-14 13:53:17
INV-P0091-WH-BCN-01,P0091,WH-BCN-01,6,1,5,2025-05-30 03:25:28
INV-P0091-WH-VLC-01,P0091,WH-VLC-01,24,6,18,2025-08-12 02:18:36
INV-P0091-WH-SEV-01,P0091,WH-SEV-01,246,11,235,2025-10-27 00:29:35
INV-P0092-WH-MAD-01,P0092,WH-MAD-01,143,12,131,2025-10-25 04:41:05
INV-P0092-WH-BCN-01,P0092,WH-BCN-01,150,39,111,2025-09-25 06:16:28
INV-P0092-WH-VLC-01,P0092,WH-VLC-01,118,6,112,2025-06-20 18:36:36
INV-P0092-WH-SEV-01,P0092,WH-SEV-01,208,40,168,2025-10-02 08:09:39
INV-P0093-WH-MAD-01,P0093,WH-MAD-01,118,1,117,2025-02-05 06:59:59
INV-P0093-WH-BCN-01,P0093,WH-BCN-01,27,13,14,2026-03-01 21:03:51
INV-P0093-WH-VLC-01,P0093,WH-VLC-01,250,18,232,2025-09-28 00:30:43
INV-P0093-WH-SEV-01,P0093,WH-SEV-01,16,4,12,2025-05-11 18:25:35
INV-P0094-WH-MAD-01,P0094,WH-MAD-01,187,17,170,2025-02-18 04:06:17
INV-P0094-WH-BCN-01,P0094,WH-BCN-01,44,14,30,2026-02-08 06:03:54
INV-P0094-WH-VLC-01,P0094,WH-VLC-01,194,28,166,2026-02-21 08:30:04
INV-P0094-WH-SEV-01,P0094,WH-SEV-01,157,12,145,2025-02-04 08:42:10
INV-P0095-WH-MAD-01,P0095,WH-MAD-01,51,34,17,2025-03-31 13:09:00
INV-P0095-WH-BCN-01,P0095,WH-BCN-01,230,18,212,2025-12-28 11:53:16
INV-P0095-WH-VLC-01,P0095,WH-VLC-01,100,3,97,2025-08-02 13:27:25
INV-P0095-WH-SEV-01,P0095,WH-SEV-01,0,0,0,2025-05-23 21:26:44
INV-P0096-WH-MAD-01,P0096,WH-MAD-01,188,27,161,2025-04-23 00:18:03
INV-P0096-WH-BCN-01,P0096,WH-BCN-01,231,36,195,2025-05-05 15:22:28
INV-P0096-WH-VLC-01,P0096,WH-VLC-01,38,22,16,2026-03-18 01:15:28
INV-P0096-WH-SEV-01,P0096,WH-SEV-01,200,22,178,2025-06-07 16:58:49
INV-P0097-WH-MAD-01,P0097,WH-MAD-01,113,27,86,2025-05-11 14:33:46
INV-P0097-WH-BCN-01,P0097,WH-BCN-01,30,27,3,2025-01-05 07:20:10
INV-P0097-WH-VLC-01,P0097,WH-VLC-01,185,36,149,2026-03-04 00:19:38
INV-P0097-WH-SEV-01,P0097,WH-SEV-01,219,23,196,2025-06-04 18:50:51
INV-P0098-WH-MAD-01,P0098,WH-MAD-01,46,28,18,2025-04-11 12:29:05
INV-P0098-WH-BCN-01,P0098,WH-BCN-01,112,8,104,2025-02-01 04:58:47
INV-P0098-WH-VLC-01,P0098,WH-VLC-01,110,25,85,2025-12-26 14:58:43
INV-P0098-WH-SEV-01,P0098,WH-SEV-01,94,17,77,2026-03-28 23:46:38
INV-P0099-WH-MAD-01,P0099,WH-MAD-01,165,0,165,2025-10-10 14:01:17
INV-P0099-WH-BCN-01,P0099,WH-BCN-01,240,36,204,2026-01-22 15:01:55
INV-P0099-WH-VLC-01,P0099,WH-VLC-01,54,1,53,2025-07-06 19:21:11
INV-P0099-WH-SEV-01,P0099,WH-SEV-01,116,20,96,2025-07-07 18:32:38
INV-P0100-WH-MAD-01,P0100,WH-MAD-01,120,16,104,2025-10-18 20:59:51
INV-P0100-WH-BCN-01,P0100,WH-BCN-01,201,3,198,2026-01-29 11:55:46
INV-P0100-WH-VLC-01,P0100,WH-VLC-01,196,33,163,2025-06-08 06:06:19
INV-P0100-WH-SEV-01,P0100,WH-SEV-01,1,1,0,2026-03-12 12:39:15
INV-P0101-WH-MAD-01,P0101,WH-MAD-01,210,8,202,2026-03-14 19:32:23
INV-P0101-WH-BCN-01,P0101,WH-BCN-01,66,33,33,2025-04-06 13:11:51
INV-P0101-WH-VLC-01,P0101,WH-VLC-01,218,28,190,2025-02-10 01:43:27
INV-P0101-WH-SEV-01,P0101,WH-SEV-01,71,37,34,2025-11-23 00:36:25
INV-P0102-WH-MAD-01,P0102,WH-MAD-01,124,9,115,2026-03-30 11:27:19
INV-P0102-WH-BCN-01,P0102,WH-BCN-01,76,8,68,2025-12-13 09:01:08
INV-P0102-WH-VLC-01,P0102,WH-VLC-01,184,39,145,2025-03-07 11:48:50
INV-P0102-WH-SEV-01,P0102,WH-SEV-01,232,37,195,2025-02-24 14:39:54
INV-P0103-WH-MAD-01,P0103,WH-MAD-01,109,13,96,2025-12-18 01:31:51
INV-P0103-WH-BCN-01,P0103,WH-BCN-01,177,39,138,2026-02-11 05:56:43
INV-P0103-WH-VLC-01,P0103,WH-VLC-01,199,1,198,2025-01-28 17:46:32
INV-P0103-WH-SEV-01,P0103,WH-SEV-01,68,28,40,2025-04-24 12:39:53
INV-P0104-WH-MAD-01,P0104,WH-MAD-01,0,0,0,2026-02-17 03:59:31
INV-P0104-WH-BCN-01,P0104,WH-BCN-01,239,34,205,2026-03-09 09:19:02
INV-P0104-WH-VLC-01,P0104,WH-VLC-01,181,10,171,2025-06-15 21:14:53
INV-P0104-WH-SEV-01,P0104,WH-SEV-01,148,28,120,2026-03-13 21:48:06
INV-P0105-WH-MAD-01,P0105,WH-MAD-01,235,31,204,2025-01-03 02:25:16
INV-P0105-WH-BCN-01,P0105,WH-BCN-01,196,35,161,2025-12-09 00:27:47
INV-P0105-WH-VLC-01,P0105,WH-VLC-01,121,2,119,2025-02-23 15:58:05
INV-P0105-WH-SEV-01,P0105,WH-SEV-01,80,10,70,2025-08-22 03:30:25
INV-P0106-WH-MAD-01,P0106,WH-MAD-01,175,11,164,2025-07-27 18:18:32
INV-P0106-WH-BCN-01,P0106,WH-BCN-01,72,15,57,2025-03-09 18:48:25
INV-P0106-WH-VLC-01,P0106,WH-VLC-01,11,2,9,2026-03-22 11:08:00
INV-P0106-WH-SEV-01,P0106,WH-SEV-01,55,9,46,2025-03-15 12:14:41
INV-P0107-WH-MAD-01,P0107,WH-MAD-01,5,1,4,2025-11-10 18:24:03
INV-P0107-WH-BCN-01,P0107,WH-BCN-01,120,16,104,2025-01-28 08:37:57
INV-P0107-WH-VLC-01,P0107,WH-VLC-01,9,9,0,2025-05-24 05:10:07
INV-P0107-WH-SEV-01,P0107,WH-SEV-01,186,21,165,2025-07-24 16:16:52
INV-P0108-WH-MAD-01,P0108,WH-MAD-01,37,31,6,2025-01-19 14:34:33
INV-P0108-WH-BCN-01,P0108,WH-BCN-01,203,37,166,2026-02-04 22:53:54
INV-P0108-WH-VLC-01,P0108,WH-VLC-01,55,6,49,2026-02-04 07:05:23
INV-P0108-WH-SEV-01,P0108,WH-SEV-01,218,7,211,2026-02-28 10:21:38
INV-P0109-WH-MAD-01,P0109,WH-MAD-01,15,7,8,2025-08-05 08:48:36
INV-P0109-WH-BCN-01,P0109,WH-BCN-01,48,1,47,2025-12-21 21:43:17
INV-P0109-WH-VLC-01,P0109,WH-VLC-01,26,9,17,2026-02-25 09:15:02
INV-P0109-WH-SEV-01,P0109,WH-SEV-01,200,35,165,2025-06-18 17:30:52
INV-P0110-WH-MAD-01,P0110,WH-MAD-01,225,2,223,2025-09-14 17:30:26
INV-P0110-WH-BCN-01,P0110,WH-BCN-01,191,19,172,2025-09-26 04:15:31
INV-P0110-WH-VLC-01,P0110,WH-VLC-01,6,6,0,2026-03-03 16:00:53
INV-P0110-WH-SEV-01,P0110,WH-SEV-01,33,31,2,2025-10-06 04:01:22
INV-P0111-WH-MAD-01,P0111,WH-MAD-01,175,38,137,2026-02-28 00:19:41
INV-P0111-WH-BCN-01,P0111,WH-BCN-01,207,25,182,2026-02-07 16:29:57
INV-P0111-WH-VLC-01,P0111,WH-VLC-01,94,35,59,2025-03-17 04:47:08
INV-P0111-WH-SEV-01,P0111,WH-SEV-01,152,31,121,2025-08-06 14:13:33
INV-P0112-WH-MAD-01,P0112,WH-MAD-01,129,35,94,2025-08-21 03:13:33
INV-P0112-WH-BCN-01,P0112,WH-BCN-01,106,28,78,2025-07-20 14:36:04
INV-P0112-WH-VLC-01,P0112,WH-VLC-01,139,9,130,2025-05-13 14:32:47
INV-P0112-WH-SEV-01,P0112,WH-SEV-01,48,10,38,2026-02-22 06:54:03
INV-P0113-WH-MAD-01,P0113,WH-MAD-01,102,16,86,2025-05-09 05:21:52
INV-P0113-WH-BCN-01,P0113,WH-BCN-01,209,21,188,2025-01-07 11:05:01
INV-P0113-WH-VLC-01,P0113,WH-VLC-01,77,26,51,2025-08-05 10:35:46
INV-P0113-WH-SEV-01,P0113,WH-SEV-01,245,29,216,2025-03-14 16:38:53
INV-P0114-WH-MAD-01,P0114,WH-MAD-01,238,31,207,2025-08-16 08:24:03
INV-P0114-WH-BCN-01,P0114,WH-BCN-01,35,24,11,2025-10-09 00:48:35
INV-P0114-WH-VLC-01,P0114,WH-VLC-01,208,34,174,2026-02-28 04:42:36
INV-P0114-WH-SEV-01,P0114,WH-SEV-01,229,19,210,2025-02-11 12:12:18
INV-P0115-WH-MAD-01,P0115,WH-MAD-01,247,26,221,2025-12-05 05:50:44
INV-P0115-WH-BCN-01,P0115,WH-BCN-01,203,5,198,2025-04-27 14:37:42
INV-P0115-WH-VLC-01,P0115,WH-VLC-01,69,22,47,2025-01-20 19:17:28
INV-P0115-WH-SEV-01,P0115,WH-SEV-01,21,2,19,2025-12-03 06:58:57
INV-P0116-WH-MAD-01,P0116,WH-MAD-01,171,2,169,2025-03-20 01:50:43
INV-P0116-WH-BCN-01,P0116,WH-BCN-01,40,40,0,2025-07-30 02:12:56
INV-P0116-WH-VLC-01,P0116,WH-VLC-01,180,7,173,2026-03-07 17:45:47
INV-P0116-WH-SEV-01,P0116,WH-SEV-01,26,3,23,2025-11-15 00:32:15
INV-P0117-WH-MAD-01,P0117,WH-MAD-01,13,7,6,2025-11-05 12:48:00
INV-P0117-WH-BCN-01,P0117,WH-BCN-01,45,6,39,2025-01-18 20:17:25
INV-P0117-WH-VLC-01,P0117,WH-VLC-01,149,25,124,2025-05-07 14:19:29
INV-P0117-WH-SEV-01,P0117,WH-SEV-01,104,11,93,2025-03-13 17:43:29
INV-P0118-WH-MAD-01,P0118,WH-MAD-01,96,35,61,2025-07-30 16:23:54
INV-P0118-WH-BCN-01,P0118,WH-BCN-01,120,11,109,2025-01-15 09:58:48
INV-P0118-WH-VLC-01,P0118,WH-VLC-01,40,3,37,2025-10-22 21:44:36
INV-P0118-WH-SEV-01,P0118,WH-SEV-01,49,4,45,2025-08-31 08:11:52
INV-P0119-WH-MAD-01,P0119,WH-MAD-01,17,1,16,2025-04-12 14:04:51
INV-P0119-WH-BCN-01,P0119,WH-BCN-01,71,16,55,2025-06-16 11:57:17
INV-P0119-WH-VLC-01,P0119,WH-VLC-01,46,37,9,2025-10-05 12:30:43
INV-P0119-WH-SEV-01,P0119,WH-SEV-01,191,19,172,2025-01-04 06:46:29
INV-P0120-WH-MAD-01,P0120,WH-MAD-01,170,22,148,2025-12-05 07:31:26
INV-P0120-WH-BCN-01,P0120,WH-BCN-01,219,33,186,2025-10-31 08:46:26
INV-P0120-WH-VLC-01,P0120,WH-VLC-01,73,9,64,2026-03-22 05:50:06
INV-P0120-WH-SEV-01,P0120,WH-SEV-01,206,25,181,2025-04-06 20:27:12
INV-P0121-WH-MAD-01,P0121,WH-MAD-01,181,31,150,2025-05-15 06:50:09
INV-P0121-WH-BCN-01,P0121,WH-BCN-01,196,17,179,2025-12-22 16:42:57
INV-P0121-WH-VLC-01,P0121,WH-VLC-01,232,8,224,2026-01-18 04:59:43
INV-P0121-WH-SEV-01,P0121,WH-SEV-01,172,13,159,2025-02-23 00:59:48
INV-P0122-WH-MAD-01,P0122,WH-MAD-01,134,35,99,2026-03-19 06:25:57
INV-P0122-WH-BCN-01,P0122,WH-BCN-01,125,2,123,2025-12-04 04:26:46
INV-P0122-WH-VLC-01,P0122,WH-VLC-01,234,3,231,2025-08-28 18:31:48
INV-P0122-WH-SEV-01,P0122,WH-SEV-01,68,24,44,2025-04-21 09:17:12
INV-P0123-WH-MAD-01,P0123,WH-MAD-01,4,1,3,2025-12-11 00:30:05
INV-P0123-WH-BCN-01,P0123,WH-BCN-01,72,18,54,2025-10-02 20:09:43
INV-P0123-WH-VLC-01,P0123,WH-VLC-01,121,4,117,2026-03-24 23:40:42
INV-P0123-WH-SEV-01,P0123,WH-SEV-01,159,4,155,2025-12-05 21:59:31
INV-P0124-WH-MAD-01,P0124,WH-MAD-01,174,30,144,2025-06-05 07:33:45
INV-P0124-WH-BCN-01,P0124,WH-BCN-01,72,9,63,2025-02-27 12:02:54
INV-P0124-WH-VLC-01,P0124,WH-VLC-01,65,9,56,2025-03-13 01:52:28
INV-P0124-WH-SEV-01,P0124,WH-SEV-01,25,8,17,2025-01-20 05:07:24
INV-P0125-WH-MAD-01,P0125,WH-MAD-01,118,35,83,2025-03-02 06:51:58
INV-P0125-WH-BCN-01,P0125,WH-BCN-01,221,14,207,2025-12-06 05:44:42
INV-P0125-WH-VLC-01,P0125,WH-VLC-01,169,24,145,2025-08-31 15:39:49
INV-P0125-WH-SEV-01,P0125,WH-SEV-01,152,8,144,2025-01-08 18:19:12
INV-P0126-WH-MAD-01,P0126,WH-MAD-01,126,3,123,2025-05-29 20:45:55
INV-P0126-WH-BCN-01,P0126,WH-BCN-01,132,14,118,2026-03-14 20:29:38
INV-P0126-WH-VLC-01,P0126,WH-VLC-01,74,11,63,2025-12-26 01:47:40
INV-P0126-WH-SEV-01,P0126,WH-SEV-01,29,27,2,2025-06-21 00:56:07
INV-P0127-WH-MAD-01,P0127,WH-MAD-01,186,16,170,2025-04-22 01:14:54
INV-P0127-WH-BCN-01,P0127,WH-BCN-01,76,31,45,2025-02-14 02:02:06
INV-P0127-WH-VLC-01,P0127,WH-VLC-01,106,19,87,2026-03-18 20:54:00
INV-P0127-WH-SEV-01,P0127,WH-SEV-01,34,8,26,2025-04-10 06:39:09
INV-P0128-WH-MAD-01,P0128,WH-MAD-01,80,28,52,2025-03-17 13:11:00
INV-P0128-WH-BCN-01,P0128,WH-BCN-01,107,18,89,2025-02-08 11:53:56
INV-P0128-WH-VLC-01,P0128,WH-VLC-01,203,1,202,2025-08-06 14:46:09
INV-P0128-WH-SEV-01,P0128,WH-SEV-01,217,32,185,2026-03-20 19:26:11
INV-P0129-WH-MAD-01,P0129,WH-MAD-01,92,10,82,2025-07-24 17:57:37
INV-P0129-WH-BCN-01,P0129,WH-BCN-01,30,8,22,2025-06-22 12:06:59
INV-P0129-WH-VLC-01,P0129,WH-VLC-01,163,17,146,2025-10-10 12:40:20
INV-P0129-WH-SEV-01,P0129,WH-SEV-01,109,19,90,2025-11-14 02:10:35
INV-P0130-WH-MAD-01,P0130,WH-MAD-01,234,25,209,2025-06-19 11:39:53
INV-P0130-WH-BCN-01,P0130,WH-BCN-01,154,30,124,2025-03-03 17:57:31
INV-P0130-WH-VLC-01,P0130,WH-VLC-01,208,32,176,2025-02-02 15:29:48
INV-P0130-WH-SEV-01,P0130,WH-SEV-01,215,5,210,2025-04-19 07:42:42
INV-P0131-WH-MAD-01,P0131,WH-MAD-01,187,2,185,2025-10-27 13:16:57
INV-P0131-WH-BCN-01,P0131,WH-BCN-01,53,15,38,2025-10-02 20:34:25
INV-P0131-WH-VLC-01,P0131,WH-VLC-01,239,31,208,2025-10-05 01:12:06
INV-P0131-WH-SEV-01,P0131,WH-SEV-01,162,37,125,2026-01-06 16:27:52
INV-P0132-WH-MAD-01,P0132,WH-MAD-01,158,17,141,2025-12-30 04:16:17
INV-P0132-WH-BCN-01,P0132,WH-BCN-01,80,25,55,2025-12-24 17:52:38
INV-P0132-WH-VLC-01,P0132,WH-VLC-01,91,26,65,2025-08-06 17:29:34
INV-P0132-WH-SEV-01,P0132,WH-SEV-01,96,27,69,2026-01-21 06:44:41
INV-P0133-WH-MAD-01,P0133,WH-MAD-01,96,25,71,2025-12-09 15:59:34
INV-P0133-WH-BCN-01,P0133,WH-BCN-01,205,16,189,2026-03-23 15:06:41
INV-P0133-WH-VLC-01,P0133,WH-VLC-01,182,5,177,2025-06-20 16:15:51
INV-P0133-WH-SEV-01,P0133,WH-SEV-01,77,32,45,2025-03-22 03:35:22
INV-P0134-WH-MAD-01,P0134,WH-MAD-01,100,37,63,2025-08-05 04:29:48
INV-P0134-WH-BCN-01,P0134,WH-BCN-01,232,0,232,2025-06-15 01:23:26
INV-P0134-WH-VLC-01,P0134,WH-VLC-01,42,19,23,2025-04-21 03:35:58
INV-P0134-WH-SEV-01,P0134,WH-SEV-01,41,7,34,2025-11-25 17:30:52
INV-P0135-WH-MAD-01,P0135,WH-MAD-01,179,16,163,2025-10-02 07:03:44
INV-P0135-WH-BCN-01,P0135,WH-BCN-01,51,8,43,2025-08-09 08:26:57
INV-P0135-WH-VLC-01,P0135,WH-VLC-01,184,18,166,2025-04-14 11:08:16
INV-P0135-WH-SEV-01,P0135,WH-SEV-01,30,9,21,2025-11-06 23:55:15
INV-P0136-WH-MAD-01,P0136,WH-MAD-01,24,0,24,2025-01-13 16:16:04
INV-P0136-WH-BCN-01,P0136,WH-BCN-01,72,36,36,2026-02-03 23:54:59
INV-P0136-WH-VLC-01,P0136,WH-VLC-01,49,20,29,2025-02-03 07:45:51
INV-P0136-WH-SEV-01,P0136,WH-SEV-01,214,3,211,2025-09-17 16:45:56
INV-P0137-WH-MAD-01,P0137,WH-MAD-01,215,32,183,2025-03-19 20:38:43
INV-P0137-WH-BCN-01,P0137,WH-BCN-01,195,39,156,2026-03-12 09:22:29
INV-P0137-WH-VLC-01,P0137,WH-VLC-01,49,27,22,2025-10-12 01:35:27
INV-P0137-WH-SEV-01,P0137,WH-SEV-01,19,9,10,2025-11-07 22:33:25
INV-P0138-WH-MAD-01,P0138,WH-MAD-01,148,3,145,2025-09-08 15:14:43
INV-P0138-WH-BCN-01,P0138,WH-BCN-01,152,5,147,2026-02-22 01:06:00
INV-P0138-WH-VLC-01,P0138,WH-VLC-01,232,14,218,2026-01-09 19:36:29
INV-P0138-WH-SEV-01,P0138,WH-SEV-01,105,22,83,2025-06-08 20:15:10
INV-P0139-WH-MAD-01,P0139,WH-MAD-01,158,29,129,2026-03-24 21:40:15
INV-P0139-WH-BCN-01,P0139,WH-BCN-01,192,2,190,2025-01-29 05:55:07
INV-P0139-WH-VLC-01,P0139,WH-VLC-01,82,29,53,2026-02-23 13:59:02
INV-P0139-WH-SEV-01,P0139,WH-SEV-01,55,16,39,2025-03-12 20:48:06
INV-P0140-WH-MAD-01,P0140,WH-MAD-01,4,4,0,2025-02-08 09:36:27
INV-P0140-WH-BCN-01,P0140,WH-BCN-01,127,22,105,2025-01-28 20:53:40
INV-P0140-WH-VLC-01,P0140,WH-VLC-01,247,37,210,2025-09-15 19:05:36
INV-P0140-WH-SEV-01,P0140,WH-SEV-01,15,6,9,2025-09-09 05:30:38
INV-P0141-WH-MAD-01,P0141,WH-MAD-01,69,23,46,2025-03-29 04:41:01
INV-P0141-WH-BCN-01,P0141,WH-BCN-01,53,27,26,2025-08-02 18:50:42
INV-P0141-WH-VLC-01,P0141,WH-VLC-01,9,2,7,2025-08-20 17:26:03
INV-P0141-WH-SEV-01,P0141,WH-SEV-01,44,9,35,2025-02-03 20:30:14
INV-P0142-WH-MAD-01,P0142,WH-MAD-01,170,35,135,2025-09-16 08:17:16
INV-P0142-WH-BCN-01,P0142,WH-BCN-01,149,20,129,2025-01-03 00:05:18
INV-P0142-WH-VLC-01,P0142,WH-VLC-01,241,12,229,2025-03-19 09:13:50
INV-P0142-WH-SEV-01,P0142,WH-SEV-01,37,6,31,2025-10-07 12:35:08
INV-P0143-WH-MAD-01,P0143,WH-MAD-01,86,36,50,2025-10-05 02:58:13
INV-P0143-WH-BCN-01,P0143,WH-BCN-01,147,39,108,2025-10-14 03:02:10
INV-P0143-WH-VLC-01,P0143,WH-VLC-01,146,11,135,2025-07-28 03:42:14
INV-P0143-WH-SEV-01,P0143,WH-SEV-01,17,14,3,2025-03-28 09:06:30
INV-P0144-WH-MAD-01,P0144,WH-MAD-01,110,25,85,2025-09-20 14:06:50
INV-P0144-WH-BCN-01,P0144,WH-BCN-01,82,13,69,2025-10-22 10:32:10
INV-P0144-WH-VLC-01,P0144,WH-VLC-01,207,2,205,2025-04-02 17:12:02
INV-P0144-WH-SEV-01,P0144,WH-SEV-01,139,5,134,2025-03-26 19:09:54
INV-P0145-WH-MAD-01,P0145,WH-MAD-01,165,30,135,2025-01-01 05:22:15
INV-P0145-WH-BCN-01,P0145,WH-BCN-01,52,8,44,2026-03-02 14:15:26
INV-P0145-WH-VLC-01,P0145,WH-VLC-01,11,10,1,2025-07-13 07:17:18
INV-P0145-WH-SEV-01,P0145,WH-SEV-01,38,22,16,2025-06-06 04:38:41
INV-P0146-WH-MAD-01,P0146,WH-MAD-01,137,12,125,2025-11-05 06:58:24
INV-P0146-WH-BCN-01,P0146,WH-BCN-01,18,9,9,2025-07-27 18:50:56
INV-P0146-WH-VLC-01,P0146,WH-VLC-01,249,39,210,2025-04-05 01:47:22
INV-P0146-WH-SEV-01,P0146,WH-SEV-01,120,37,83,2025-05-02 05:10:47
INV-P0147-WH-MAD-01,P0147,WH-MAD-01,210,4,206,2025-11-21 23:54:48
INV-P0147-WH-BCN-01,P0147,WH-BCN-01,86,4,82,2025-08-30 23:42:37
INV-P0147-WH-VLC-01,P0147,WH-VLC-01,213,34,179,2025-04-04 17:11:50
INV-P0147-WH-SEV-01,P0147,WH-SEV-01,223,4,219,2025-03-19 06:52:13
INV-P0148-WH-MAD-01,P0148,WH-MAD-01,221,18,203,2025-11-14 05:29:49
INV-P0148-WH-BCN-01,P0148,WH-BCN-01,141,31,110,2025-05-19 01:15:44
INV-P0148-WH-VLC-01,P0148,WH-VLC-01,97,7,90,2025-04-02 19:42:43
INV-P0148-WH-SEV-01,P0148,WH-SEV-01,126,15,111,2026-01-07 10:32:33
INV-P0149-WH-MAD-01,P0149,WH-MAD-01,3,1,2,2025-04-05 20:23:14
INV-P0149-WH-BCN-01,P0149,WH-BCN-01,95,13,82,2026-02-28 08:39:46
INV-P0149-WH-VLC-01,P0149,WH-VLC-01,213,16,197,2025-09-29 22:15:06
INV-P0149-WH-SEV-01,P0149,WH-SEV-01,10,3,7,2025-10-09 13:55:18
INV-P0150-WH-MAD-01,P0150,WH-MAD-01,83,40,43,2026-03-30 15:16:48
INV-P0150-WH-BCN-01,P0150,WH-BCN-01,153,25,128,2025-12-25 08:30:03
INV-P0150-WH-VLC-01,P0150,WH-VLC-01,57,5,52,2025-06-04 10:30:21
INV-P0150-WH-SEV-01,P0150,WH-SEV-01,170,6,164,2025-04-28 22:05:05
INV-P0151-WH-MAD-01,P0151,WH-MAD-01,30,6,24,2025-02-27 20:49:03
INV-P0151-WH-BCN-01,P0151,WH-BCN-01,248,11,237,2025-08-30 00:34:49
INV-P0151-WH-VLC-01,P0151,WH-VLC-01,50,16,34,2025-10-24 01:52:10
INV-P0151-WH-SEV-01,P0151,WH-SEV-01,97,24,73,2025-04-10 12:39:18
INV-P0152-WH-MAD-01,P0152,WH-MAD-01,212,38,174,2025-03-28 10:00:47
INV-P0152-WH-BCN-01,P0152,WH-BCN-01,245,12,233,2025-10-20 22:25:05
INV-P0152-WH-VLC-01,P0152,WH-VLC-01,249,11,238,2025-03-02 19:02:40
INV-P0152-WH-SEV-01,P0152,WH-SEV-01,85,14,71,2025-08-03 08:42:21
INV-P0153-WH-MAD-01,P0153,WH-MAD-01,244,16,228,2025-01-12 05:41:04
INV-P0153-WH-BCN-01,P0153,WH-BCN-01,195,24,171,2025-01-02 17:13:57
INV-P0153-WH-VLC-01,P0153,WH-VLC-01,19,9,10,2025-11-22 12:24:55
INV-P0153-WH-SEV-01,P0153,WH-SEV-01,186,7,179,2025-04-12 20:15:54
INV-P0154-WH-MAD-01,P0154,WH-MAD-01,2,1,1,2026-03-06 16:34:42
INV-P0154-WH-BCN-01,P0154,WH-BCN-01,70,38,32,2026-03-10 07:47:05
INV-P0154-WH-VLC-01,P0154,WH-VLC-01,72,16,56,2025-12-17 21:13:47
INV-P0154-WH-SEV-01,P0154,WH-SEV-01,95,14,81,2025-06-05 09:58:23
INV-P0155-WH-MAD-01,P0155,WH-MAD-01,108,3,105,2025-01-22 15:03:33
INV-P0155-WH-BCN-01,P0155,WH-BCN-01,122,18,104,2026-02-05 13:42:59
INV-P0155-WH-VLC-01,P0155,WH-VLC-01,27,6,21,2025-05-27 16:29:07
INV-P0155-WH-SEV-01,P0155,WH-SEV-01,94,15,79,2025-06-13 23:26:44
INV-P0156-WH-MAD-01,P0156,WH-MAD-01,245,15,230,2025-11-29 22:14:16
INV-P0156-WH-BCN-01,P0156,WH-BCN-01,232,39,193,2025-08-02 20:18:09
INV-P0156-WH-VLC-01,P0156,WH-VLC-01,16,14,2,2025-09-29 23:08:15
INV-P0156-WH-SEV-01,P0156,WH-SEV-01,28,16,12,2025-01-23 19:55:39
INV-P0157-WH-MAD-01,P0157,WH-MAD-01,172,0,172,2025-12-15 06:00:34
INV-P0157-WH-BCN-01,P0157,WH-BCN-01,169,22,147,2025-10-28 05:17:28
INV-P0157-WH-VLC-01,P0157,WH-VLC-01,94,34,60,2025-04-21 06:16:31
INV-P0157-WH-SEV-01,P0157,WH-SEV-01,86,20,66,2025-07-22 15:42:57
INV-P0158-WH-MAD-01,P0158,WH-MAD-01,130,15,115,2026-01-29 05:28:07
INV-P0158-WH-BCN-01,P0158,WH-BCN-01,109,35,74,2025-10-19 19:42:30
INV-P0158-WH-VLC-01,P0158,WH-VLC-01,22,4,18,2025-06-04 08:28:32
INV-P0158-WH-SEV-01,P0158,WH-SEV-01,228,21,207,2026-02-09 19:31:10
INV-P0159-WH-MAD-01,P0159,WH-MAD-01,124,39,85,2025-01-02 15:41:22
INV-P0159-WH-BCN-01,P0159,WH-BCN-01,236,21,215,2025-01-04 12:28:50
INV-P0159-WH-VLC-01,P0159,WH-VLC-01,122,13,109,2025-02-02 13:17:51
INV-P0159-WH-SEV-01,P0159,WH-SEV-01,179,38,141,2025-02-18 00:42:51
INV-P0160-WH-MAD-01,P0160,WH-MAD-01,123,8,115,2026-03-16 07:57:04
INV-P0160-WH-BCN-01,P0160,WH-BCN-01,64,33,31,2025-09-01 16:53:21
INV-P0160-WH-VLC-01,P0160,WH-VLC-01,98,15,83,2025-10-28 09:36:11
INV-P0160-WH-SEV-01,P0160,WH-SEV-01,109,25,84,2025-12-10 07:06:27
INV-P0161-WH-MAD-01,P0161,WH-MAD-01,49,6,43,2025-06-15 23:54:02
INV-P0161-WH-BCN-01,P0161,WH-BCN-01,193,38,155,2025-11-11 02:27:39
INV-P0161-WH-VLC-01,P0161,WH-VLC-01,191,11,180,2026-02-08 04:05:35
INV-P0161-WH-SEV-01,P0161,WH-SEV-01,101,15,86,2025-06-08 15:37:08
INV-P0162-WH-MAD-01,P0162,WH-MAD-01,139,36,103,2025-12-23 10:15:40
INV-P0162-WH-BCN-01,P0162,WH-BCN-01,85,19,66,2026-01-16 02:50:25
INV-P0162-WH-VLC-01,P0162,WH-VLC-01,5,0,5,2025-03-03 17:02:26
INV-P0162-WH-SEV-01,P0162,WH-SEV-01,46,5,41,2025-08-12 04:27:52
INV-P0163-WH-MAD-01,P0163,WH-MAD-01,50,22,28,2025-05-29 04:54:46
INV-P0163-WH-BCN-01,P0163,WH-BCN-01,229,39,190,2025-06-26 13:55:19
INV-P0163-WH-VLC-01,P0163,WH-VLC-01,145,16,129,2025-05-06 04:41:14
INV-P0163-WH-SEV-01,P0163,WH-SEV-01,230,28,202,2025-05-13 04:24:55
INV-P0164-WH-MAD-01,P0164,WH-MAD-01,131,9,122,2026-02-18 16:16:05
INV-P0164-WH-BCN-01,P0164,WH-BCN-01,227,32,195,2025-04-04 12:27:32
INV-P0164-WH-VLC-01,P0164,WH-VLC-01,196,22,174,2025-11-20 15:22:20
INV-P0164-WH-SEV-01,P0164,WH-SEV-01,94,39,55,2025-10-24 15:48:07
INV-P0165-WH-MAD-01,P0165,WH-MAD-01,3,2,1,2025-02-11 18:09:38
INV-P0165-WH-BCN-01,P0165,WH-BCN-01,44,35,9,2025-12-27 21:49:41
INV-P0165-WH-VLC-01,P0165,WH-VLC-01,72,19,53,2025-12-24 12:38:41
INV-P0165-WH-SEV-01,P0165,WH-SEV-01,118,1,117,2025-10-26 17:26:58
INV-P0166-WH-MAD-01,P0166,WH-MAD-01,71,34,37,2025-03-03 02:22:06
INV-P0166-WH-BCN-01,P0166,WH-BCN-01,52,15,37,2025-09-19 22:11:45
INV-P0166-WH-VLC-01,P0166,WH-VLC-01,127,33,94,2025-05-04 02:03:53
INV-P0166-WH-SEV-01,P0166,WH-SEV-01,158,37,121,2025-05-01 14:15:14
INV-P0167-WH-MAD-01,P0167,WH-MAD-01,68,18,50,2025-04-12 12:15:36
INV-P0167-WH-BCN-01,P0167,WH-BCN-01,59,20,39,2025-02-04 11:55:22
INV-P0167-WH-VLC-01,P0167,WH-VLC-01,103,34,69,2026-02-06 14:19:53
INV-P0167-WH-SEV-01,P0167,WH-SEV-01,79,13,66,2025-07-12 10:57:34
INV-P0168-WH-MAD-01,P0168,WH-MAD-01,151,14,137,2025-10-30 10:31:29
INV-P0168-WH-BCN-01,P0168,WH-BCN-01,6,3,3,2025-04-23 14:24:49
INV-P0168-WH-VLC-01,P0168,WH-VLC-01,223,27,196,2025-06-02 11:55:56
INV-P0168-WH-SEV-01,P0168,WH-SEV-01,138,9,129,2025-06-28 17:37:29
INV-P0169-WH-MAD-01,P0169,WH-MAD-01,158,7,151,2025-04-17 15:47:42
INV-P0169-WH-BCN-01,P0169,WH-BCN-01,149,18,131,2026-01-01 06:13:48
INV-P0169-WH-VLC-01,P0169,WH-VLC-01,236,32,204,2026-01-01 15:17:07
INV-P0169-WH-SEV-01,P0169,WH-SEV-01,71,22,49,2025-07-19 04:10:25
INV-P0170-WH-MAD-01,P0170,WH-MAD-01,205,23,182,2025-11-22 22:26:26
INV-P0170-WH-BCN-01,P0170,WH-BCN-01,183,0,183,2025-05-30 05:04:56
INV-P0170-WH-VLC-01,P0170,WH-VLC-01,169,7,162,2026-02-26 08:42:43
INV-P0170-WH-SEV-01,P0170,WH-SEV-01,105,32,73,2025-10-27 10:56:11
INV-P0171-WH-MAD-01,P0171,WH-MAD-01,92,37,55,2025-05-23 02:52:21
INV-P0171-WH-BCN-01,P0171,WH-BCN-01,121,38,83,2025-08-30 05:27:02
INV-P0171-WH-VLC-01,P0171,WH-VLC-01,237,33,204,2025-03-30 12:23:48
INV-P0171-WH-SEV-01,P0171,WH-SEV-01,209,40,169,2025-05-18 03:44:03
INV-P0172-WH-MAD-01,P0172,WH-MAD-01,155,26,129,2025-08-18 00:12:11
INV-P0172-WH-BCN-01,P0172,WH-BCN-01,82,18,64,2026-02-08 15:42:06
INV-P0172-WH-VLC-01,P0172,WH-VLC-01,213,8,205,2025-12-24 18:19:11
INV-P0172-WH-SEV-01,P0172,WH-SEV-01,126,7,119,2026-03-16 14:19:16
INV-P0173-WH-MAD-01,P0173,WH-MAD-01,187,22,165,2025-03-04 15:34:55
INV-P0173-WH-BCN-01,P0173,WH-BCN-01,243,40,203,2025-04-05 11:40:28
INV-P0173-WH-VLC-01,P0173,WH-VLC-01,159,37,122,2025-07-24 12:09:07
INV-P0173-WH-SEV-01,P0173,WH-SEV-01,28,26,2,2025-06-26 13:21:44
INV-P0174-WH-MAD-01,P0174,WH-MAD-01,102,19,83,2025-08-29 22:49:48
INV-P0174-WH-BCN-01,P0174,WH-BCN-01,173,28,145,2026-01-01 14:57:38
INV-P0174-WH-VLC-01,P0174,WH-VLC-01,41,37,4,2025-03-16 22:14:51
INV-P0174-WH-SEV-01,P0174,WH-SEV-01,30,17,13,2026-01-26 06:46:53
INV-P0175-WH-MAD-01,P0175,WH-MAD-01,72,19,53,2025-02-03 16:28:37
INV-P0175-WH-BCN-01,P0175,WH-BCN-01,187,7,180,2025-07-18 16:02:26
INV-P0175-WH-VLC-01,P0175,WH-VLC-01,114,0,114,2026-03-09 07:36:39
INV-P0175-WH-SEV-01,P0175,WH-SEV-01,45,12,33,2025-03-10 08:57:37
INV-P0176-WH-MAD-01,P0176,WH-MAD-01,175,37,138,2025-10-20 19:55:43
INV-P0176-WH-BCN-01,P0176,WH-BCN-01,28,15,13,2025-04-22 04:50:11
INV-P0176-WH-VLC-01,P0176,WH-VLC-01,90,32,58,2026-03-01 02:45:42
INV-P0176-WH-SEV-01,P0176,WH-SEV-01,34,33,1,2025-07-20 17:26:39
INV-P0177-WH-MAD-01,P0177,WH-MAD-01,176,16,160,2025-05-13 12:23:02
INV-P0177-WH-BCN-01,P0177,WH-BCN-01,243,28,215,2025-04-02 01:41:50
INV-P0177-WH-VLC-01,P0177,WH-VLC-01,163,32,131,2025-01-23 15:06:57
INV-P0177-WH-SEV-01,P0177,WH-SEV-01,67,23,44,2025-09-11 04:30:36
INV-P0178-WH-MAD-01,P0178,WH-MAD-01,156,5,151,2025-05-17 12:20:37
INV-P0178-WH-BCN-01,P0178,WH-BCN-01,237,34,203,2026-03-16 04:08:55
INV-P0178-WH-VLC-01,P0178,WH-VLC-01,95,7,88,2025-05-06 04:36:16
INV-P0178-WH-SEV-01,P0178,WH-SEV-01,27,20,7,2026-01-06 19:23:34
INV-P0179-WH-MAD-01,P0179,WH-MAD-01,231,19,212,2025-08-28 11:25:11
INV-P0179-WH-BCN-01,P0179,WH-BCN-01,207,28,179,2025-10-18 16:01:17
INV-P0179-WH-VLC-01,P0179,WH-VLC-01,245,27,218,2025-06-27 23:50:26
INV-P0179-WH-SEV-01,P0179,WH-SEV-01,100,21,79,2025-04-07 10:04:50
INV-P0180-WH-MAD-01,P0180,WH-MAD-01,218,32,186,2025-06-19 02:06:45
INV-P0180-WH-BCN-01,P0180,WH-BCN-01,200,30,170,2025-01-19 07:54:43
INV-P0180-WH-VLC-01,P0180,WH-VLC-01,77,29,48,2025-02-02 19:07:01
INV-P0180-WH-SEV-01,P0180,WH-SEV-01,181,10,171,2025-05-30 18:54:28
INV-P0181-WH-MAD-01,P0181,WH-MAD-01,221,29,192,2025-04-06 15:14:03
INV-P0181-WH-BCN-01,P0181,WH-BCN-01,167,10,157,2025-10-09 18:35:18
INV-P0181-WH-VLC-01,P0181,WH-VLC-01,5,3,2,2026-01-31 18:45:57
INV-P0181-WH-SEV-01,P0181,WH-SEV-01,47,7,40,2025-04-17 15:28:04
INV-P0182-WH-MAD-01,P0182,WH-MAD-01,1,0,1,2025-10-13 22:25:10
INV-P0182-WH-BCN-01,P0182,WH-BCN-01,131,7,124,2025-07-06 14:22:44
INV-P0182-WH-VLC-01,P0182,WH-VLC-01,249,39,210,2025-12-12 06:32:01
INV-P0182-WH-SEV-01,P0182,WH-SEV-01,158,21,137,2025-03-06 10:32:37
INV-P0183-WH-MAD-01,P0183,WH-MAD-01,159,27,132,2025-05-22 09:13:44
INV-P0183-WH-BCN-01,P0183,WH-BCN-01,179,16,163,2025-10-18 17:56:54
INV-P0183-WH-VLC-01,P0183,WH-VLC-01,38,16,22,2025-01-25 07:25:10
INV-P0183-WH-SEV-01,P0183,WH-SEV-01,93,23,70,2026-01-29 08:26:30
INV-P0184-WH-MAD-01,P0184,WH-MAD-01,144,29,115,2025-05-15 22:58:41
INV-P0184-WH-BCN-01,P0184,WH-BCN-01,59,23,36,2025-02-19 05:48:34
INV-P0184-WH-VLC-01,P0184,WH-VLC-01,202,36,166,2026-02-03 07:49:34
INV-P0184-WH-SEV-01,P0184,WH-SEV-01,205,33,172,2025-09-02 04:12:38
INV-P0185-WH-MAD-01,P0185,WH-MAD-01,198,22,176,2025-05-02 14:29:53
INV-P0185-WH-BCN-01,P0185,WH-BCN-01,217,10,207,2025-05-02 01:26:31
INV-P0185-WH-VLC-01,P0185,WH-VLC-01,156,28,128,2026-01-10 20:17:40
INV-P0185-WH-SEV-01,P0185,WH-SEV-01,201,2,199,2025-05-22 09:31:06
INV-P0186-WH-MAD-01,P0186,WH-MAD-01,93,40,53,2026-03-05 06:09:34
INV-P0186-WH-BCN-01,P0186,WH-BCN-01,72,22,50,2026-03-12 04:48:42
INV-P0186-WH-VLC-01,P0186,WH-VLC-01,207,20,187,2025-09-02 03:50:04
INV-P0186-WH-SEV-01,P0186,WH-SEV-01,215,18,197,2025-04-16 16:12:17
INV-P0187-WH-MAD-01,P0187,WH-MAD-01,40,2,38,2025-09-07 15:21:45
INV-P0187-WH-BCN-01,P0187,WH-BCN-01,75,32,43,2025-12-18 05:10:26
INV-P0187-WH-VLC-01,P0187,WH-VLC-01,238,11,227,2026-03-25 19:27:02
INV-P0187-WH-SEV-01,P0187,WH-SEV-01,28,5,23,2026-01-27 10:39:14
INV-P0188-WH-MAD-01,P0188,WH-MAD-01,168,36,132,2025-11-09 08:18:28
INV-P0188-WH-BCN-01,P0188,WH-BCN-01,114,15,99,2025-07-12 23:48:11
INV-P0188-WH-VLC-01,P0188,WH-VLC-01,166,23,143,2025-07-03 01:48:37
INV-P0188-WH-SEV-01,P0188,WH-SEV-01,116,1,115,2025-11-29 19:00:13
INV-P0189-WH-MAD-01,P0189,WH-MAD-01,191,13,178,2025-04-24 11:51:09
INV-P0189-WH-BCN-01,P0189,WH-BCN-01,52,3,49,2025-01-03 17:44:07
INV-P0189-WH-VLC-01,P0189,WH-VLC-01,160,4,156,2025-12-09 02:17:42
INV-P0189-WH-SEV-01,P0189,WH-SEV-01,21,19,2,2025-10-02 20:12:23
INV-P0190-WH-MAD-01,P0190,WH-MAD-01,247,22,225,2026-01-06 11:51:55
INV-P0190-WH-BCN-01,P0190,WH-BCN-01,203,27,176,2025-05-27 17:45:57
INV-P0190-WH-VLC-01,P0190,WH-VLC-01,33,23,10,2025-04-03 17:46:42
INV-P0190-WH-SEV-01,P0190,WH-SEV-01,100,26,74,2025-04-09 01:40:52
INV-P0191-WH-MAD-01,P0191,WH-MAD-01,18,11,7,2025-11-25 16:05:41
INV-P0191-WH-BCN-01,P0191,WH-BCN-01,162,30,132,2025-07-29 16:12:46
INV-P0191-WH-VLC-01,P0191,WH-VLC-01,203,35,168,2025-10-20 09:18:25
INV-P0191-WH-SEV-01,P0191,WH-SEV-01,52,31,21,2025-08-08 13:15:06
INV-P0192-WH-MAD-01,P0192,WH-MAD-01,209,31,178,2025-02-09 12:57:30
INV-P0192-WH-BCN-01,P0192,WH-BCN-01,60,1,59,2025-06-15 03:01:25
INV-P0192-WH-VLC-01,P0192,WH-VLC-01,105,25,80,2025-07-09 00:13:01
INV-P0192-WH-SEV-01,P0192,WH-SEV-01,244,33,211,2025-11-29 00:29:57
INV-P0193-WH-MAD-01,P0193,WH-MAD-01,170,3,167,2025-04-10 00:17:05
INV-P0193-WH-BCN-01,P0193,WH-BCN-01,98,40,58,2026-02-02 04:26:11
INV-P0193-WH-VLC-01,P0193,WH-VLC-01,116,7,109,2025-12-21 11:31:36
INV-P0193-WH-SEV-01,P0193,WH-SEV-01,85,32,53,2025-07-20 06:34:03
INV-P0194-WH-MAD-01,P0194,WH-MAD-01,232,1,231,2025-09-17 04:11:27
INV-P0194-WH-BCN-01,P0194,WH-BCN-01,57,4,53,2026-02-17 18:32:48
INV-P0194-WH-VLC-01,P0194,WH-VLC-01,160,35,125,2025-11-12 18:49:47
INV-P0194-WH-SEV-01,P0194,WH-SEV-01,84,34,50,2025-09-11 00:43:54
INV-P0195-WH-MAD-01,P0195,WH-MAD-01,46,11,35,2026-01-29 16:07:59
INV-P0195-WH-BCN-01,P0195,WH-BCN-01,131,40,91,2025-12-31 08:14:19
INV-P0195-WH-VLC-01,P0195,WH-VLC-01,99,7,92,2025-12-13 12:14:25
INV-P0195-WH-SEV-01,P0195,WH-SEV-01,40,29,11,2025-07-31 18:39:08
INV-P0196-WH-MAD-01,P0196,WH-MAD-01,226,26,200,2025-02-15 00:16:31
INV-P0196-WH-BCN-01,P0196,WH-BCN-01,2,0,2,2025-08-17 10:41:53
INV-P0196-WH-VLC-01,P0196,WH-VLC-01,23,0,23,2025-10-18 05:58:47
INV-P0196-WH-SEV-01,P0196,WH-SEV-01,221,35,186,2026-03-09 15:19:59
INV-P0197-WH-MAD-01,P0197,WH-MAD-01,44,33,11,2025-12-17 06:39:50
INV-P0197-WH-BCN-01,P0197,WH-BCN-01,7,3,4,2025-10-17 17:33:57
INV-P0197-WH-VLC-01,P0197,WH-VLC-01,22,15,7,2025-03-09 02:52:19
INV-P0197-WH-SEV-01,P0197,WH-SEV-01,150,37,113,2025-07-29 02:58:56
INV-P0198-WH-MAD-01,P0198,WH-MAD-01,171,36,135,2025-12-12 13:32:57
INV-P0198-WH-BCN-01,P0198,WH-BCN-01,66,21,45,2025-01-12 17:23:01
INV-P0198-WH-VLC-01,P0198,WH-VLC-01,216,1,215,2026-01-06 07:05:48
INV-P0198-WH-SEV-01,P0198,WH-SEV-01,12,6,6,2025-07-27 15:45:25
INV-P0199-WH-MAD-01,P0199,WH-MAD-01,242,16,226,2025-02-09 02:43:28
INV-P0199-WH-BCN-01,P0199,WH-BCN-01,205,30,175,2025-02-25 18:16:23
INV-P0199-WH-VLC-01,P0199,WH-VLC-01,163,11,152,2025-09-06 19:47:51
INV-P0199-WH-SEV-01,P0199,WH-SEV-01,58,18,40,2025-11-21 16:23:04
INV-P0200-WH-MAD-01,P0200,WH-MAD-01,27,3,24,2025-09-10 07:47:15
INV-P0200-WH-BCN-01,P0200,WH-BCN-01,216,21,195,2025-09-17 17:22:14
INV-P0200-WH-VLC-01,P0200,WH-VLC-01,46,16,30,2025-01-24 09:08:14
INV-P0200-WH-SEV-01,P0200,WH-SEV-01,202,8,194,2025-12-08 04:34:51
INV-P0201-WH-MAD-01,P0201,WH-MAD-01,143,11,132,2025-02-11 19:30:08
INV-P0201-WH-BCN-01,P0201,WH-BCN-01,29,11,18,2026-03-06 02:39:21
INV-P0201-WH-VLC-01,P0201,WH-VLC-01,16,3,13,2025-06-27 22:46:56
INV-P0201-WH-SEV-01,P0201,WH-SEV-01,236,1,235,2026-02-04 04:45:31
INV-P0202-WH-MAD-01,P0202,WH-MAD-01,249,14,235,2025-09-30 10:26:51
INV-P0202-WH-BCN-01,P0202,WH-BCN-01,48,7,41,2025-02-27 21:59:07
INV-P0202-WH-VLC-01,P0202,WH-VLC-01,196,27,169,2025-09-09 02:28:05
INV-P0202-WH-SEV-01,P0202,WH-SEV-01,162,7,155,2025-10-01 16:34:08
INV-P0203-WH-MAD-01,P0203,WH-MAD-01,205,8,197,2025-04-25 02:06:26
INV-P0203-WH-BCN-01,P0203,WH-BCN-01,226,13,213,2025-07-24 04:42:52
INV-P0203-WH-VLC-01,P0203,WH-VLC-01,83,3,80,2026-03-04 14:15:53
INV-P0203-WH-SEV-01,P0203,WH-SEV-01,144,27,117,2025-01-23 15:27:28
INV-P0204-WH-MAD-01,P0204,WH-MAD-01,175,30,145,2025-02-28 05:20:20
INV-P0204-WH-BCN-01,P0204,WH-BCN-01,231,13,218,2026-01-15 05:24:44
INV-P0204-WH-VLC-01,P0204,WH-VLC-01,219,24,195,2025-10-25 14:13:12
INV-P0204-WH-SEV-01,P0204,WH-SEV-01,206,29,177,2025-01-10 09:37:37
INV-P0205-WH-MAD-01,P0205,WH-MAD-01,168,35,133,2025-02-17 19:06:19
INV-P0205-WH-BCN-01,P0205,WH-BCN-01,98,0,98,2025-11-29 10:21:03
INV-P0205-WH-VLC-01,P0205,WH-VLC-01,13,5,8,2025-02-16 12:52:00
INV-P0205-WH-SEV-01,P0205,WH-SEV-01,182,26,156,2025-08-14 01:36:13
INV-P0206-WH-MAD-01,P0206,WH-MAD-01,7,5,2,2025-03-16 04:04:39
INV-P0206-WH-BCN-01,P0206,WH-BCN-01,22,17,5,2025-06-27 22:57:40
INV-P0206-WH-VLC-01,P0206,WH-VLC-01,45,35,10,2025-08-02 23:36:24
INV-P0206-WH-SEV-01,P0206,WH-SEV-01,5,5,0,2025-03-17 12:58:40
INV-P0207-WH-MAD-01,P0207,WH-MAD-01,168,18,150,2025-08-06 19:59:27
INV-P0207-WH-BCN-01,P0207,WH-BCN-01,10,7,3,2025-01-16 18:02:55
INV-P0207-WH-VLC-01,P0207,WH-VLC-01,69,12,57,2026-02-05 21:52:21
INV-P0207-WH-SEV-01,P0207,WH-SEV-01,144,12,132,2025-09-07 13:02:34
INV-P0208-WH-MAD-01,P0208,WH-MAD-01,57,6,51,2025-12-20 00:47:23
INV-P0208-WH-BCN-01,P0208,WH-BCN-01,48,9,39,2025-08-14 20:24:48
INV-P0208-WH-VLC-01,P0208,WH-VLC-01,110,6,104,2025-09-30 13:28:41
INV-P0208-WH-SEV-01,P0208,WH-SEV-01,230,22,208,2025-05-02 09:42:35
INV-P0209-WH-MAD-01,P0209,WH-MAD-01,39,18,21,2025-03-04 07:57:56
INV-P0209-WH-BCN-01,P0209,WH-BCN-01,17,7,10,2025-07-22 08:15:12
INV-P0209-WH-VLC-01,P0209,WH-VLC-01,20,9,11,2026-03-05 21:50:29
INV-P0209-WH-SEV-01,P0209,WH-SEV-01,210,6,204,2025-04-18 10:39:42
INV-P0210-WH-MAD-01,P0210,WH-MAD-01,106,35,71,2026-03-16 21:03:16
INV-P0210-WH-BCN-01,P0210,WH-BCN-01,34,24,10,2025-10-15 07:46:04
INV-P0210-WH-VLC-01,P0210,WH-VLC-01,138,14,124,2025-09-12 17:17:56
INV-P0210-WH-SEV-01,P0210,WH-SEV-01,242,40,202,2025-05-16 12:53:28
INV-P0211-WH-MAD-01,P0211,WH-MAD-01,120,15,105,2026-02-21 22:31:58
INV-P0211-WH-BCN-01,P0211,WH-BCN-01,52,39,13,2025-11-15 10:33:05
INV-P0211-WH-VLC-01,P0211,WH-VLC-01,201,32,169,2026-03-01 05:25:26
INV-P0211-WH-SEV-01,P0211,WH-SEV-01,82,26,56,2025-01-21 21:25:26
INV-P0212-WH-MAD-01,P0212,WH-MAD-01,183,26,157,2025-07-28 10:54:11
INV-P0212-WH-BCN-01,P0212,WH-BCN-01,83,25,58,2026-02-01 16:39:05
INV-P0212-WH-VLC-01,P0212,WH-VLC-01,161,17,144,2025-12-08 00:58:34
INV-P0212-WH-SEV-01,P0212,WH-SEV-01,13,9,4,2025-06-17 04:03:59
INV-P0213-WH-MAD-01,P0213,WH-MAD-01,224,5,219,2025-10-19 02:51:30
INV-P0213-WH-BCN-01,P0213,WH-BCN-01,125,36,89,2025-11-30 04:15:28
INV-P0213-WH-VLC-01,P0213,WH-VLC-01,84,36,48,2025-03-22 13:59:10
INV-P0213-WH-SEV-01,P0213,WH-SEV-01,46,40,6,2025-07-09 14:43:12
INV-P0214-WH-MAD-01,P0214,WH-MAD-01,152,16,136,2025-07-19 10:34:18
INV-P0214-WH-BCN-01,P0214,WH-BCN-01,209,38,171,2025-07-18 01:34:18
INV-P0214-WH-VLC-01,P0214,WH-VLC-01,157,13,144,2025-01-04 20:15:43
INV-P0214-WH-SEV-01,P0214,WH-SEV-01,118,35,83,2025-08-28 23:01:36
INV-P0215-WH-MAD-01,P0215,WH-MAD-01,84,29,55,2026-01-26 02:02:12
INV-P0215-WH-BCN-01,P0215,WH-BCN-01,67,16,51,2025-02-18 02:57:25
INV-P0215-WH-VLC-01,P0215,WH-VLC-01,188,10,178,2025-07-01 15:29:44
INV-P0215-WH-SEV-01,P0215,WH-SEV-01,14,7,7,2026-01-04 09:29:05
INV-P0216-WH-MAD-01,P0216,WH-MAD-01,29,28,1,2025-08-29 10:59:12
INV-P0216-WH-BCN-01,P0216,WH-BCN-01,167,24,143,2025-09-14 04:59:07
INV-P0216-WH-VLC-01,P0216,WH-VLC-01,235,2,233,2025-04-27 03:27:30
INV-P0216-WH-SEV-01,P0216,WH-SEV-01,142,27,115,2025-01-11 04:04:44
INV-P0217-WH-MAD-01,P0217,WH-MAD-01,214,4,210,2025-03-01 05:31:10
INV-P0217-WH-BCN-01,P0217,WH-BCN-01,129,15,114,2025-12-12 07:30:15
INV-P0217-WH-VLC-01,P0217,WH-VLC-01,104,39,65,2025-02-22 07:10:37
INV-P0217-WH-SEV-01,P0217,WH-SEV-01,8,8,0,2025-02-26 11:22:11
INV-P0218-WH-MAD-01,P0218,WH-MAD-01,200,34,166,2026-02-24 04:24:15
INV-P0218-WH-BCN-01,P0218,WH-BCN-01,24,22,2,2025-06-20 03:04:36
INV-P0218-WH-VLC-01,P0218,WH-VLC-01,121,33,88,2025-02-12 17:44:13
INV-P0218-WH-SEV-01,P0218,WH-SEV-01,28,3,25,2025-02-04 03:13:11
INV-P0219-WH-MAD-01,P0219,WH-MAD-01,72,29,43,2025-01-03 12:55:21
INV-P0219-WH-BCN-01,P0219,WH-BCN-01,130,17,113,2025-08-04 06:34:58
INV-P0219-WH-VLC-01,P0219,WH-VLC-01,178,16,162,2025-07-18 06:30:47
INV-P0219-WH-SEV-01,P0219,WH-SEV-01,80,14,66,2025-04-15 04:38:03
INV-P0220-WH-MAD-01,P0220,WH-MAD-01,89,25,64,2025-12-31 23:55:48
INV-P0220-WH-BCN-01,P0220,WH-BCN-01,34,5,29,2025-02-19 22:38:20
INV-P0220-WH-VLC-01,P0220,WH-VLC-01,144,21,123,2025-02-28 22:08:31
INV-P0220-WH-SEV-01,P0220,WH-SEV-01,245,5,240,2025-01-06 21:09:39
INV-P0221-WH-MAD-01,P0221,WH-MAD-01,145,17,128,2025-10-09 09:06:17
INV-P0221-WH-BCN-01,P0221,WH-BCN-01,185,8,177,2025-11-09 06:01:31
INV-P0221-WH-VLC-01,P0221,WH-VLC-01,90,33,57,2025-04-14 02:47:52
INV-P0221-WH-SEV-01,P0221,WH-SEV-01,18,13,5,2025-09-23 04:45:22
INV-P0222-WH-MAD-01,P0222,WH-MAD-01,91,5,86,2025-08-22 01:12:28
INV-P0222-WH-BCN-01,P0222,WH-BCN-01,206,27,179,2025-05-15 01:55:51
INV-P0222-WH-VLC-01,P0222,WH-VLC-01,174,0,174,2025-01-01 02:56:28
INV-P0222-WH-SEV-01,P0222,WH-SEV-01,1,1,0,2025-11-24 06:36:45
INV-P0223-WH-MAD-01,P0223,WH-MAD-01,76,6,70,2025-08-28 11:08:48
INV-P0223-WH-BCN-01,P0223,WH-BCN-01,61,29,32,2025-12-12 20:57:58
INV-P0223-WH-VLC-01,P0223,WH-VLC-01,42,10,32,2025-05-19 20:10:44
INV-P0223-WH-SEV-01,P0223,WH-SEV-01,129,23,106,2025-09-11 03:49:52
INV-P0224-WH-MAD-01,P0224,WH-MAD-01,241,27,214,2026-03-27 01:52:20
INV-P0224-WH-BCN-01,P0224,WH-BCN-01,246,12,234,2025-03-02 17:26:03
INV-P0224-WH-VLC-01,P0224,WH-VLC-01,215,17,198,2026-03-14 19:56:48
INV-P0224-WH-SEV-01,P0224,WH-SEV-01,59,22,37,2025-08-12 04:25:17
INV-P0225-WH-MAD-01,P0225,WH-MAD-01,137,35,102,2025-02-25 19:22:33
INV-P0225-WH-BCN-01,P0225,WH-BCN-01,184,2,182,2026-01-18 08:13:08
INV-P0225-WH-VLC-01,P0225,WH-VLC-01,51,9,42,2025-12-26 23:08:32
INV-P0225-WH-SEV-01,P0225,WH-SEV-01,106,4,102,2025-02-01 16:08:38
INV-P0226-WH-MAD-01,P0226,WH-MAD-01,60,28,32,2026-01-02 07:38:28
INV-P0226-WH-BCN-01,P0226,WH-BCN-01,115,15,100,2025-03-10 15:58:30
INV-P0226-WH-VLC-01,P0226,WH-VLC-01,24,0,24,2025-05-13 01:03:27
INV-P0226-WH-SEV-01,P0226,WH-SEV-01,209,20,189,2025-05-31 01:28:43
INV-P0227-WH-MAD-01,P0227,WH-MAD-01,200,29,171,2025-09-05 07:27:46
INV-P0227-WH-BCN-01,P0227,WH-BCN-01,219,37,182,2025-06-20 07:46:11
INV-P0227-WH-VLC-01,P0227,WH-VLC-01,53,21,32,2026-02-27 09:07:25
INV-P0227-WH-SEV-01,P0227,WH-SEV-01,80,7,73,2025-09-27 11:38:06
INV-P0228-WH-MAD-01,P0228,WH-MAD-01,170,4,166,2025-08-18 15:16:26
INV-P0228-WH-BCN-01,P0228,WH-BCN-01,147,17,130,2025-01-31 13:05:06
INV-P0228-WH-VLC-01,P0228,WH-VLC-01,170,1,169,2026-01-20 09:14:29
INV-P0228-WH-SEV-01,P0228,WH-SEV-01,67,27,40,2026-01-03 09:00:45
INV-P0229-WH-MAD-01,P0229,WH-MAD-01,34,14,20,2025-12-22 19:41:30
INV-P0229-WH-BCN-01,P0229,WH-BCN-01,197,39,158,2026-02-10 05:43:38
INV-P0229-WH-VLC-01,P0229,WH-VLC-01,137,5,132,2025-03-22 20:34:50
INV-P0229-WH-SEV-01,P0229,WH-SEV-01,134,32,102,2025-04-23 04:45:02
INV-P0230-WH-MAD-01,P0230,WH-MAD-01,24,24,0,2025-02-06 11:35:59
INV-P0230-WH-BCN-01,P0230,WH-BCN-01,112,24,88,2025-01-25 22:45:29
INV-P0230-WH-VLC-01,P0230,WH-VLC-01,82,36,46,2025-10-10 07:46:41
INV-P0230-WH-SEV-01,P0230,WH-SEV-01,228,20,208,2026-02-20 20:34:00
INV-P0231-WH-MAD-01,P0231,WH-MAD-01,168,40,128,2025-12-26 17:52:11
INV-P0231-WH-BCN-01,P0231,WH-BCN-01,197,2,195,2025-07-15 12:59:51
INV-P0231-WH-VLC-01,P0231,WH-VLC-01,36,23,13,2025-06-23 10:49:20
INV-P0231-WH-SEV-01,P0231,WH-SEV-01,177,28,149,2025-12-30 21:09:49
INV-P0232-WH-MAD-01,P0232,WH-MAD-01,104,37,67,2025-11-12 17:11:04
INV-P0232-WH-BCN-01,P0232,WH-BCN-01,122,15,107,2025-04-12 17:38:21
INV-P0232-WH-VLC-01,P0232,WH-VLC-01,215,23,192,2025-07-30 15:55:27
INV-P0232-WH-SEV-01,P0232,WH-SEV-01,150,25,125,2025-10-24 18:45:17
INV-P0233-WH-MAD-01,P0233,WH-MAD-01,7,7,0,2025-01-06 21:17:40
INV-P0233-WH-BCN-01,P0233,WH-BCN-01,45,35,10,2025-12-31 17:03:02
INV-P0233-WH-VLC-01,P0233,WH-VLC-01,54,31,23,2025-04-09 16:41:02
INV-P0233-WH-SEV-01,P0233,WH-SEV-01,53,35,18,2025-01-23 02:26:17
INV-P0234-WH-MAD-01,P0234,WH-MAD-01,92,29,63,2025-04-01 16:49:37
INV-P0234-WH-BCN-01,P0234,WH-BCN-01,249,9,240,2025-03-31 23:56:41
INV-P0234-WH-VLC-01,P0234,WH-VLC-01,103,27,76,2025-05-20 17:17:00
INV-P0234-WH-SEV-01,P0234,WH-SEV-01,154,24,130,2025-10-27 20:58:17
INV-P0235-WH-MAD-01,P0235,WH-MAD-01,133,40,93,2025-05-21 19:57:42
INV-P0235-WH-BCN-01,P0235,WH-BCN-01,122,14,108,2025-07-25 22:02:02
INV-P0235-WH-VLC-01,P0235,WH-VLC-01,43,33,10,2026-03-14 21:33:38
INV-P0235-WH-SEV-01,P0235,WH-SEV-01,222,3,219,2025-07-26 06:07:27
INV-P0236-WH-MAD-01,P0236,WH-MAD-01,43,25,18,2026-02-26 02:43:43
INV-P0236-WH-BCN-01,P0236,WH-BCN-01,83,18,65,2025-08-14 17:06:03
INV-P0236-WH-VLC-01,P0236,WH-VLC-01,100,0,100,2025-11-10 04:32:05
INV-P0236-WH-SEV-01,P0236,WH-SEV-01,129,33,96,2026-03-23 02:52:03
INV-P0237-WH-MAD-01,P0237,WH-MAD-01,84,32,52,2025-07-05 19:21:36
INV-P0237-WH-BCN-01,P0237,WH-BCN-01,37,4,33,2025-03-01 21:46:09
INV-P0237-WH-VLC-01,P0237,WH-VLC-01,171,14,157,2025-05-27 12:03:32
INV-P0237-WH-SEV-01,P0237,WH-SEV-01,187,2,185,2025-08-04 20:45:20
INV-P0238-WH-MAD-01,P0238,WH-MAD-01,76,8,68,2025-03-15 18:01:11
INV-P0238-WH-BCN-01,P0238,WH-BCN-01,122,38,84,2025-09-10 16:43:16
INV-P0238-WH-VLC-01,P0238,WH-VLC-01,53,19,34,2026-02-18 05:02:45
INV-P0238-WH-SEV-01,P0238,WH-SEV-01,199,22,177,2025-11-20 08:22:45
INV-P0239-WH-MAD-01,P0239,WH-MAD-01,64,22,42,2025-01-11 23:37:38
INV-P0239-WH-BCN-01,P0239,WH-BCN-01,72,19,53,2025-11-19 02:27:08
INV-P0239-WH-VLC-01,P0239,WH-VLC-01,43,16,27,2025-01-20 06:11:24
INV-P0239-WH-SEV-01,P0239,WH-SEV-01,219,19,200,2025-08-15 04:11:04
INV-P0240-WH-MAD-01,P0240,WH-MAD-01,230,6,224,2025-11-11 08:37:24
INV-P0240-WH-BCN-01,P0240,WH-BCN-01,238,13,225,2025-03-13 06:03:19
INV-P0240-WH-VLC-01,P0240,WH-VLC-01,108,24,84,2025-08-12 13:41:11
INV-P0240-WH-SEV-01,P0240,WH-SEV-01,215,6,209,2026-01-14 04:40:18
INV-P0241-WH-MAD-01,P0241,WH-MAD-01,14,0,14,2025-02-18 11:16:06
INV-P0241-WH-BCN-01,P0241,WH-BCN-01,56,14,42,2025-12-09 05:59:01
INV-P0241-WH-VLC-01,P0241,WH-VLC-01,150,1,149,2025-07-19 19:36:50
INV-P0241-WH-SEV-01,P0241,WH-SEV-01,249,28,221,2025-07-26 10:08:52
INV-P0242-WH-MAD-01,P0242,WH-MAD-01,204,8,196,2025-04-01 16:40:14
INV-P0242-WH-BCN-01,P0242,WH-BCN-01,33,2,31,2025-11-27 15:22:03
INV-P0242-WH-VLC-01,P0242,WH-VLC-01,205,25,180,2025-01-17 16:23:04
INV-P0242-WH-SEV-01,P0242,WH-SEV-01,95,32,63,2025-01-21 07:27:51
INV-P0243-WH-MAD-01,P0243,WH-MAD-01,177,34,143,2025-09-11 04:26:22
INV-P0243-WH-BCN-01,P0243,WH-BCN-01,107,37,70,2025-01-05 23:57:35
INV-P0243-WH-VLC-01,P0243,WH-VLC-01,192,8,184,2026-03-11 07:34:28
INV-P0243-WH-SEV-01,P0243,WH-SEV-01,170,37,133,2025-03-17 04:24:33
INV-P0244-WH-MAD-01,P0244,WH-MAD-01,160,31,129,2025-02-10 11:47:15
INV-P0244-WH-BCN-01,P0244,WH-BCN-01,128,32,96,2026-01-25 23:13:38
INV-P0244-WH-VLC-01,P0244,WH-VLC-01,2,1,1,2025-04-20 07:22:43
INV-P0244-WH-SEV-01,P0244,WH-SEV-01,70,9,61,2025-02-18 04:10:47
INV-P0245-WH-MAD-01,P0245,WH-MAD-01,122,21,101,2025-07-02 12:22:17
INV-P0245-WH-BCN-01,P0245,WH-BCN-01,4,4,0,2025-12-12 09:21:44
INV-P0245-WH-VLC-01,P0245,WH-VLC-01,223,29,194,2025-04-24 07:29:37
INV-P0245-WH-SEV-01,P0245,WH-SEV-01,38,24,14,2025-11-26 02:20:23
INV-P0246-WH-MAD-01,P0246,WH-MAD-01,198,25,173,2025-12-12 15:16:44
INV-P0246-WH-BCN-01,P0246,WH-BCN-01,57,17,40,2025-09-02 17:58:35
INV-P0246-WH-VLC-01,P0246,WH-VLC-01,227,33,194,2025-12-05 21:30:21
INV-P0246-WH-SEV-01,P0246,WH-SEV-01,249,3,246,2025-03-11 09:09:53
INV-P0247-WH-MAD-01,P0247,WH-MAD-01,188,20,168,2025-01-28 19:23:56
INV-P0247-WH-BCN-01,P0247,WH-BCN-01,11,8,3,2025-10-16 15:00:40
INV-P0247-WH-VLC-01,P0247,WH-VLC-01,201,35,166,2025-09-08 13:52:11
INV-P0247-WH-SEV-01,P0247,WH-SEV-01,194,17,177,2026-03-23 20:46:58
INV-P0248-WH-MAD-01,P0248,WH-MAD-01,17,9,8,2025-10-30 01:13:20
INV-P0248-WH-BCN-01,P0248,WH-BCN-01,89,4,85,2025-12-06 04:13:31
INV-P0248-WH-VLC-01,P0248,WH-VLC-01,229,31,198,2025-05-11 21:36:21
INV-P0248-WH-SEV-01,P0248,WH-SEV-01,245,7,238,2025-04-22 01:22:53
INV-P0249-WH-MAD-01,P0249,WH-MAD-01,112,4,108,2025-09-06 15:45:20
INV-P0249-WH-BCN-01,P0249,WH-BCN-01,36,25,11,2025-03-14 00:48:43
INV-P0249-WH-VLC-01,P0249,WH-VLC-01,123,7,116,2026-02-03 15:09:11
INV-P0249-WH-SEV-01,P0249,WH-SEV-01,107,30,77,2025-02-16 16:50:31
INV-P0250-WH-MAD-01,P0250,WH-MAD-01,170,37,133,2025-12-01 05:30:18
INV-P0250-WH-BCN-01,P0250,WH-BCN-01,129,15,114,2026-01-04 14:34:32
INV-P0250-WH-VLC-01,P0250,WH-VLC-01,35,1,34,2025-02-22 13:59:17
INV-P0250-WH-SEV-01,P0250,WH-SEV-01,197,27,170,2025-07-18 06:39:11
